feature,feature_label,physical_sample_id,scanner_a,scanner_b,pair_mean,difference_a_minus_b,bias,loa95_low,loa95_high
lab_a_mean,Mean a* (redness),BCG1-1,LABscanner,TRIOS3,-9.7452042942163,-1.8025326454880144,3.9187449446684637,-0.6873852192268517,8.52487510856378
lab_a_mean,Mean a* (redness),BCG1-2,LABscanner,TRIOS3,-8.6907850524884,1.5183433273528841,3.9187449446684637,-0.6873852192268517,8.52487510856378
lab_a_mean,Mean a* (redness),BCG1-3,LABscanner,TRIOS3,-8.16016959273899,1.7333749932876366,3.9187449446684637,-0.6873852192268517,8.52487510856378
lab_a_mean,Mean a* (redness),BCG1-4,LABscanner,TRIOS3,-6.7928821359254865,2.1370556875454163,3.9187449446684637,-0.6873852192268517,8.52487510856378
lab_a_mean,Mean a* (redness),BCG1-5,LABscanner,TRIOS3,-7.921959677958792,2.91986215577041,3.9187449446684637,-0.6873852192268517,8.52487510856378
lab_a_mean,Mean a* (redness),BCG1-6,LABscanner,TRIOS3,-7.11451535208368,3.156399897961176,3.9187449446684637,-0.6873852192268517,8.52487510856378
lab_a_mean,Mean a* (redness),BCG1-7,LABscanner,TRIOS3,-8.040795904575758,5.281093009941674,3.9187449446684637,-0.6873852192268517,8.52487510856378
lab_a_mean,Mean a* (redness),BCG1-8,LABscanner,TRIOS3,-8.554761815770558,6.830416469687542,3.9187449446684637,-0.6873852192268517,8.52487510856378
lab_a_mean,Mean a* (redness),BCG2-1,LABscanner,TRIOS3,-7.267249302022487,4.210301380867914,3.9187449446684637,-0.6873852192268517,8.52487510856378
lab_a_mean,Mean a* (redness),BCG2-2,LABscanner,TRIOS3,-6.815785065015149,4.949666487935161,3.9187449446684637,-0.6873852192268517,8.52487510856378
lab_a_mean,Mean a* (redness),BCG2-3,LABscanner,TRIOS3,-6.761522066955989,7.384624126669809,3.9187449446684637,-0.6873852192268517,8.52487510856378
lab_a_mean,Mean a* (redness),BCG2-4,LABscanner,TRIOS3,-7.082969177563399,3.064474447186143,3.9187449446684637,-0.6873852192268517,8.52487510856378
lab_a_mean,Mean a* (redness),BCG2-5,LABscanner,TRIOS3,-7.894228009931009,5.667988992213687,3.9187449446684637,-0.6873852192268517,8.52487510856378
lab_a_mean,Mean a* (redness),BCG2-6,LABscanner,TRIOS3,-6.3236269622076975,5.772770491082085,3.9187449446684637,-0.6873852192268517,8.52487510856378
lab_a_mean,Mean a* (redness),BCG2-7,LABscanner,TRIOS3,-9.392707537649542,6.327295397138997,3.9187449446684637,-0.6873852192268517,8.52487510856378
lab_a_mean,Mean a* (redness),BCG2-8,LABscanner,TRIOS3,-6.779806890391804,6.284567575792053,3.9187449446684637,-0.6873852192268517,8.52487510856378
lab_a_mean,Mean a* (redness),BCG3-1,LABscanner,TRIOS3,-7.36647878091431,5.526938810649149,3.9187449446684637,-0.6873852192268517,8.52487510856378
lab_a_mean,Mean a* (redness),BCG3-2,LABscanner,TRIOS3,-6.948934057582857,3.4275944735550254,3.9187449446684637,-0.6873852192268517,8.52487510856378
lab_a_mean,Mean a* (redness),BCG3-3,LABscanner,TRIOS3,-6.9872390380079175,2.6020581665472022,3.9187449446684637,-0.6873852192268517,8.52487510856378
lab_a_mean,Mean a* (redness),BCG3-4,LABscanner,TRIOS3,-6.968776313919541,2.2826264195163475,3.9187449446684637,-0.6873852192268517,8.52487510856378
lab_a_mean,Mean a* (redness),BCG3-5,LABscanner,TRIOS3,-6.279652611449659,0.10186533486533023,3.9187449446684637,-0.6873852192268517,8.52487510856378
lab_a_mean,Mean a* (redness),BCG3-6,LABscanner,TRIOS3,-7.061365316031587,1.0665502906810715,3.9187449446684637,-0.6873852192268517,8.52487510856378
lab_a_mean,Mean a* (redness),BCG3-7,LABscanner,TRIOS3,-6.350324293100991,4.1884954425449585,3.9187449446684637,-0.6873852192268517,8.52487510856378
lab_a_mean,Mean a* (redness),BCG3-8,LABscanner,TRIOS3,-5.228539281429672,-0.22770357398133712,3.9187449446684637,-0.6873852192268517,8.52487510856378
lab_a_mean,Mean a* (redness),BCG4-1,LABscanner,TRIOS3,-12.797918710647869,3.2585453393019357,3.9187449446684637,-0.6873852192268517,8.52487510856378
lab_a_mean,Mean a* (redness),BCG4-2,LABscanner,TRIOS3,-9.905785787581259,4.194973835157256,3.9187449446684637,-0.6873852192268517,8.52487510856378
lab_a_mean,Mean a* (redness),BCG4-3,LABscanner,TRIOS3,-8.769205376832046,6.302464957329608,3.9187449446684637,-0.6873852192268517,8.52487510856378
lab_a_mean,Mean a* (redness),BCG4-4,LABscanner,TRIOS3,-8.527431640473536,7.636840620310938,3.9187449446684637,-0.6873852192268517,8.52487510856378
lab_a_mean,Mean a* (redness),BCG4-5,LABscanner,TRIOS3,-7.8525791224598915,2.9281474620861054,3.9187449446684637,-0.6873852192268517,8.52487510856378
lab_a_mean,Mean a* (redness),BCG4-6,LABscanner,TRIOS3,-8.673089984036242,5.603235590888666,3.9187449446684637,-0.6873852192268517,8.52487510856378
lab_a_mean,Mean a* (redness),BCG4-7,LABscanner,TRIOS3,-7.1508572466456,7.083270442661572,3.9187449446684637,-0.6873852192268517,8.52487510856378
lab_a_mean,Mean a* (redness),BCG4-8,LABscanner,TRIOS3,-6.726228865286187,3.9882328223324386,3.9187449446684637,-0.6873852192268517,8.52487510856378
lab_a_mean,Mean a* (redness),BCG1-1,LABscanner,TRIOS5,-8.58150038105606,-4.129940471808496,6.216125668052818,-0.28781614290853597,12.720067479014173
lab_a_mean,Mean a* (redness),BCG1-2,LABscanner,TRIOS5,-8.151465845246358,0.43970491286880176,6.216125668052818,-0.28781614290853597,12.720067479014173
lab_a_mean,Mean a* (redness),BCG1-3,LABscanner,TRIOS5,-8.928923718338876,3.2708832444874076,6.216125668052818,-0.28781614290853597,12.720067479014173
lab_a_mean,Mean a* (redness),BCG1-4,LABscanner,TRIOS5,-7.670123912282076,3.891539240258595,6.216125668052818,-0.28781614290853597,12.720067479014173
lab_a_mean,Mean a* (redness),BCG1-5,LABscanner,TRIOS5,-8.716285550309582,4.508513900471989,6.216125668052818,-0.28781614290853597,12.720067479014173
lab_a_mean,Mean a* (redness),BCG1-6,LABscanner,TRIOS5,-7.549771826502713,4.026912846799242,6.216125668052818,-0.28781614290853597,12.720067479014173
lab_a_mean,Mean a* (redness),BCG1-7,LABscanner,TRIOS5,-8.940614792859606,7.0807307865093705,6.216125668052818,-0.28781614290853597,12.720067479014173
lab_a_mean,Mean a* (redness),BCG1-8,LABscanner,TRIOS5,-7.487762120791899,4.6964170797302245,6.216125668052818,-0.28781614290853597,12.720067479014173
lab_a_mean,Mean a* (redness),BCG2-1,LABscanner,TRIOS5,-6.93087521602744,3.5375532088778208,6.216125668052818,-0.28781614290853597,12.720067479014173
lab_a_mean,Mean a* (redness),BCG2-2,LABscanner,TRIOS5,-8.392031243162757,8.102158844230377,6.216125668052818,-0.28781614290853597,12.720067479014173
lab_a_mean,Mean a* (redness),BCG2-3,LABscanner,TRIOS5,-7.012201620566717,7.885983233891267,6.216125668052818,-0.28781614290853597,12.720067479014173
lab_a_mean,Mean a* (redness),BCG2-4,LABscanner,TRIOS5,-8.44224221425249,5.783020520564325,6.216125668052818,-0.28781614290853597,12.720067479014173
lab_a_mean,Mean a* (redness),BCG2-5,LABscanner,TRIOS5,-7.898846974972603,5.6772269222968745,6.216125668052818,-0.28781614290853597,12.720067479014173
lab_a_mean,Mean a* (redness),BCG2-6,LABscanner,TRIOS5,-8.878679010404843,10.882874587476376,6.216125668052818,-0.28781614290853597,12.720067479014173
lab_a_mean,Mean a* (redness),BCG2-7,LABscanner,TRIOS5,-11.071726606038052,9.685333533916015,6.216125668052818,-0.28781614290853597,12.720067479014173
lab_a_mean,Mean a* (redness),BCG2-8,LABscanner,TRIOS5,-9.488941099117913,11.702835993244271,6.216125668052818,-0.28781614290853597,12.720067479014173
lab_a_mean,Mean a* (redness),BCG3-1,LABscanner,TRIOS5,-8.551821192313252,7.897623633447033,6.216125668052818,-0.28781614290853597,12.720067479014173
lab_a_mean,Mean a* (redness),BCG3-2,LABscanner,TRIOS5,-8.493715646555618,6.517157651500547,6.216125668052818,-0.28781614290853597,12.720067479014173
lab_a_mean,Mean a* (redness),BCG3-3,LABscanner,TRIOS5,-8.367809566829763,5.363199224190893,6.216125668052818,-0.28781614290853597,12.720067479014173
lab_a_mean,Mean a* (redness),BCG3-4,LABscanner,TRIOS5,-8.653464349049552,5.652002489776368,6.216125668052818,-0.28781614290853597,12.720067479014173
lab_a_mean,Mean a* (redness),BCG3-5,LABscanner,TRIOS5,-8.422204137208672,4.386968386383355,6.216125668052818,-0.28781614290853597,12.720067479014173
lab_a_mean,Mean a* (redness),BCG3-6,LABscanner,TRIOS5,-9.102345057935931,5.14850977448976,6.216125668052818,-0.28781614290853597,12.720067479014173
lab_a_mean,Mean a* (redness),BCG3-7,LABscanner,TRIOS5,-6.8781892056211404,5.244225267585257,6.216125668052818,-0.28781614290853597,12.720067479014173
lab_a_mean,Mean a* (redness),BCG3-8,LABscanner,TRIOS5,-8.229065324045871,5.773348511251061,6.216125668052818,-0.28781614290853597,12.720067479014173
lab_a_mean,Mean a* (redness),BCG4-1,LABscanner,TRIOS5,-13.755499263587192,5.173706445180581,6.216125668052818,-0.28781614290853597,12.720067479014173
lab_a_mean,Mean a* (redness),BCG4-2,LABscanner,TRIOS5,-9.898589961102186,4.18058218219911,6.216125668052818,-0.28781614290853597,12.720067479014173
lab_a_mean,Mean a* (redness),BCG4-3,LABscanner,TRIOS5,-10.423685555147715,9.611425313960947,6.216125668052818,-0.28781614290853597,12.720067479014173
lab_a_mean,Mean a* (redness),BCG4-4,LABscanner,TRIOS5,-10.538813157910509,11.659603655184885,6.216125668052818,-0.28781614290853597,12.720067479014173
lab_a_mean,Mean a* (redness),BCG4-5,LABscanner,TRIOS5,-9.54115107381381,6.305291364793941,6.216125668052818,-0.28781614290853597,12.720067479014173
lab_a_mean,Mean a* (redness),BCG4-6,LABscanner,TRIOS5,-11.124082850842985,10.505221324502152,6.216125668052818,-0.28781614290853597,12.720067479014173
lab_a_mean,Mean a* (redness),BCG4-7,LABscanner,TRIOS5,-9.064281213433643,10.910118376237659,6.216125668052818,-0.28781614290853597,12.720067479014173
lab_a_mean,Mean a* (redness),BCG4-8,LABscanner,TRIOS5,-8.504757150716058,7.545289393192181,6.216125668052818,-0.28781614290853597,12.720067479014173
lab_a_mean,Mean a* (redness),BCG1-1,LABscanner,iTERO,-8.114518519100749,-5.063904195719118,5.828122293957579,-0.9881371217599844,12.644381709675141
lab_a_mean,Mean a* (redness),BCG1-2,LABscanner,iTERO,-9.993864890399026,4.124503003174137,5.828122293957579,-0.9881371217599844,12.644381709675141
lab_a_mean,Mean a* (redness),BCG1-3,LABscanner,iTERO,-9.301334431564987,4.0157046709396305,5.828122293957579,-0.9881371217599844,12.644381709675141
lab_a_mean,Mean a* (redness),BCG1-4,LABscanner,iTERO,-8.396851019408524,5.344993454511492,5.828122293957579,-0.9881371217599844,12.644381709675141
lab_a_mean,Mean a* (redness),BCG1-5,LABscanner,iTERO,-8.38567533190055,3.8472934636539264,5.828122293957579,-0.9881371217599844,12.644381709675141
lab_a_mean,Mean a* (redness),BCG1-6,LABscanner,iTERO,-5.819095147102194,0.565559487998204,5.828122293957579,-0.9881371217599844,12.644381709675141
lab_a_mean,Mean a* (redness),BCG1-7,LABscanner,iTERO,-8.654628202664599,6.508757606119357,5.828122293957579,-0.9881371217599844,12.644381709675141
lab_a_mean,Mean a* (redness),BCG1-8,LABscanner,iTERO,-8.609755653646694,6.940404145439814,5.828122293957579,-0.9881371217599844,12.644381709675141
lab_a_mean,Mean a* (redness),BCG2-1,LABscanner,iTERO,-6.585463959518078,2.8467306958590974,5.828122293957579,-0.9881371217599844,12.644381709675141
lab_a_mean,Mean a* (redness),BCG2-2,LABscanner,iTERO,-6.061626623899208,3.44134960570328,5.828122293957579,-0.9881371217599844,12.644381709675141
lab_a_mean,Mean a* (redness),BCG2-3,LABscanner,iTERO,-5.686093692968159,5.23376737869415,5.828122293957579,-0.9881371217599844,12.644381709675141
lab_a_mean,Mean a* (redness),BCG2-4,LABscanner,iTERO,-8.125711574501011,5.149959241061367,5.828122293957579,-0.9881371217599844,12.644381709675141
lab_a_mean,Mean a* (redness),BCG2-5,LABscanner,iTERO,-8.720283019356511,7.320099011064691,5.828122293957579,-0.9881371217599844,12.644381709675141
lab_a_mean,Mean a* (redness),BCG2-6,LABscanner,iTERO,-7.21449571358502,7.554507993836729,5.828122293957579,-0.9881371217599844,12.644381709675141
lab_a_mean,Mean a* (redness),BCG2-7,LABscanner,iTERO,-9.253037198615353,6.047954719070617,5.828122293957579,-0.9881371217599844,12.644381709675141
lab_a_mean,Mean a* (redness),BCG2-8,LABscanner,iTERO,-7.783736492766952,8.29242678054235,5.828122293957579,-0.9881371217599844,12.644381709675141
lab_a_mean,Mean a* (redness),BCG3-1,LABscanner,iTERO,-9.255968543370287,9.305918335561103,5.828122293957579,-0.9881371217599844,12.644381709675141
lab_a_mean,Mean a* (redness),BCG3-2,LABscanner,iTERO,-7.682138718036118,4.894003794461547,5.828122293957579,-0.9881371217599844,12.644381709675141
lab_a_mean,Mean a* (redness),BCG3-3,LABscanner,iTERO,-7.774917021016925,4.177414132565218,5.828122293957579,-0.9881371217599844,12.644381709675141
lab_a_mean,Mean a* (redness),BCG3-4,LABscanner,iTERO,-8.372703152748915,5.090480097175096,5.828122293957579,-0.9881371217599844,12.644381709675141
lab_a_mean,Mean a* (redness),BCG3-5,LABscanner,iTERO,-7.437112653363485,2.4167854186929816,5.828122293957579,-0.9881371217599844,12.644381709675141
lab_a_mean,Mean a* (redness),BCG3-6,LABscanner,iTERO,-8.104633547069263,3.1530867527564226,5.828122293957579,-0.9881371217599844,12.644381709675141
lab_a_mean,Mean a* (redness),BCG3-7,LABscanner,iTERO,-7.000674216424715,5.489195289192406,5.828122293957579,-0.9881371217599844,12.644381709675141
lab_a_mean,Mean a* (redness),BCG3-8,LABscanner,iTERO,-6.742555258324938,2.8003283798091942,5.828122293957579,-0.9881371217599844,12.644381709675141
lab_a_mean,Mean a* (redness),BCG4-1,LABscanner,iTERO,-14.593777749418807,6.850263416843813,5.828122293957579,-0.9881371217599844,12.644381709675141
lab_a_mean,Mean a* (redness),BCG4-2,LABscanner,iTERO,-12.223336184476121,8.830074628946981,5.828122293957579,-0.9881371217599844,12.644381709675141
lab_a_mean,Mean a* (redness),BCG4-3,LABscanner,iTERO,-11.260393673403096,11.284841550471707,5.828122293957579,-0.9881371217599844,12.644381709675141
lab_a_mean,Mean a* (redness),BCG4-4,LABscanner,iTERO,-10.51909168916349,11.620160717690847,5.828122293957579,-0.9881371217599844,12.644381709675141
lab_a_mean,Mean a* (redness),BCG4-5,LABscanner,iTERO,-11.078421569877,9.379832356920321,5.828122293957579,-0.9881371217599844,12.644381709675141
lab_a_mean,Mean a* (redness),BCG4-6,LABscanner,iTERO,-10.414082624544385,9.085220871904951,5.828122293957579,-0.9881371217599844,12.644381709675141
lab_a_mean,Mean a* (redness),BCG4-7,LABscanner,iTERO,-9.94330088882203,12.668157727014432,5.828122293957579,-0.9881371217599844,12.644381709675141
lab_a_mean,Mean a* (redness),BCG4-8,LABscanner,iTERO,-8.374133891462852,7.28404287468577,5.828122293957579,-0.9881371217599844,12.644381709675141
lab_a_mean,Mean a* (redness),BCG1-1,TRIOS3,TRIOS5,-7.6802340583120525,-2.3274078263204814,2.2973807233843546,-1.8500771583910653,6.444838605159775
lab_a_mean,Mean a* (redness),BCG1-2,TRIOS3,TRIOS5,-8.9106375089228,-1.0786384144840824,2.2973807233843546,-1.8500771583910653,6.444838605159775
lab_a_mean,Mean a* (redness),BCG1-3,TRIOS3,TRIOS5,-9.795611214982694,1.537508251199771,2.2973807233843546,-1.8500771583910653,6.444838605159775
lab_a_mean,Mean a* (redness),BCG1-4,TRIOS3,TRIOS5,-8.738651756054784,1.7544835527131788,2.2973807233843546,-1.8500771583910653,6.444838605159775
lab_a_mean,Mean a* (redness),BCG1-5,TRIOS3,TRIOS5,-10.176216628194787,1.588651744701579,2.2973807233843546,-1.8500771583910653,6.444838605159775
lab_a_mean,Mean a* (redness),BCG1-6,TRIOS3,TRIOS5,-9.127971775483301,0.8705129488380656,2.2973807233843546,-1.8500771583910653,6.444838605159775
lab_a_mean,Mean a* (redness),BCG1-7,TRIOS3,TRIOS5,-11.581161297830443,1.799637776567696,2.2973807233843546,-1.8500771583910653,6.444838605159775
lab_a_mean,Mean a* (redness),BCG1-8,TRIOS3,TRIOS5,-10.90297035563567,-2.1339993899573173,2.2973807233843546,-1.8500771583910653,6.444838605159775
lab_a_mean,Mean a* (redness),BCG2-1,TRIOS3,TRIOS5,-9.036025906461397,-0.6727481719900936,2.2973807233843546,-1.8500771583910653,6.444838605159775
lab_a_mean,Mean a* (redness),BCG2-2,TRIOS3,TRIOS5,-10.866864487130337,3.152492356295216,2.2973807233843546,-1.8500771583910653,6.444838605159775
lab_a_mean,Mean a* (redness),BCG2-3,TRIOS3,TRIOS5,-10.704513683901622,0.5013591072214574,2.2973807233843546,-1.8500771583910653,6.444838605159775
lab_a_mean,Mean a* (redness),BCG2-4,TRIOS3,TRIOS5,-9.974479437845561,2.7185460733781817,2.2973807233843546,-1.8500771583910653,6.444838605159775
lab_a_mean,Mean a* (redness),BCG2-5,TRIOS3,TRIOS5,-10.732841471079446,0.009237930083187962,2.2973807233843546,-1.8500771583910653,6.444838605159775
lab_a_mean,Mean a* (redness),BCG2-6,TRIOS3,TRIOS5,-11.765064255945886,5.110104096394291,2.2973807233843546,-1.8500771583910653,6.444838605159775
lab_a_mean,Mean a* (redness),BCG2-7,TRIOS3,TRIOS5,-14.23537430460755,3.3580381367770187,2.2973807233843546,-1.8500771583910653,6.444838605159775
lab_a_mean,Mean a* (redness),BCG2-8,TRIOS3,TRIOS5,-12.63122488701394,5.418268417452218,2.2973807233843546,-1.8500771583910653,6.444838605159775
lab_a_mean,Mean a* (redness),BCG3-1,TRIOS3,TRIOS5,-11.315290597637826,2.370684822797884,2.2973807233843546,-1.8500771583910653,6.444838605159775
lab_a_mean,Mean a* (redness),BCG3-2,TRIOS3,TRIOS5,-10.20751288333313,3.0895631779455215,2.2973807233843546,-1.8500771583910653,6.444838605159775
lab_a_mean,Mean a* (redness),BCG3-3,TRIOS3,TRIOS5,-9.668838650103364,2.761141057643691,2.2973807233843546,-1.8500771583910653,6.444838605159775
lab_a_mean,Mean a* (redness),BCG3-4,TRIOS3,TRIOS5,-9.794777558807725,3.369376070260021,2.2973807233843546,-1.8500771583910653,6.444838605159775
lab_a_mean,Mean a* (redness),BCG3-5,TRIOS3,TRIOS5,-8.473136804641337,4.285103051518025,2.2973807233843546,-1.8500771583910653,6.444838605159775
lab_a_mean,Mean a* (redness),BCG3-6,TRIOS3,TRIOS5,-9.635620203276467,4.081959483808689,2.2973807233843546,-1.8500771583910653,6.444838605159775
lab_a_mean,Mean a* (redness),BCG3-7,TRIOS3,TRIOS5,-8.97243692689362,1.0557298250402987,2.2973807233843546,-1.8500771583910653,6.444838605159775
lab_a_mean,Mean a* (redness),BCG3-8,TRIOS3,TRIOS5,-8.115213537055203,6.0010520852323985,2.2973807233843546,-1.8500771583910653,6.444838605159775
lab_a_mean,Mean a* (redness),BCG4-1,TRIOS3,TRIOS5,-15.38477193323816,1.9151611058786457,2.2973807233843546,-1.8500771583910653,6.444838605159775
lab_a_mean,Mean a* (redness),BCG4-2,TRIOS3,TRIOS5,-11.996076878680814,-0.01439165295814604,2.2973807233843546,-1.8500771583910653,6.444838605159775
lab_a_mean,Mean a* (redness),BCG4-3,TRIOS3,TRIOS5,-13.57491803381252,3.3089603566313386,2.2973807233843546,-1.8500771583910653,6.444838605159775
lab_a_mean,Mean a* (redness),BCG4-4,TRIOS3,TRIOS5,-14.357233468065978,4.022763034873947,2.2973807233843546,-1.8500771583910653,6.444838605159775
lab_a_mean,Mean a* (redness),BCG4-5,TRIOS3,TRIOS5,-11.005224804856862,3.377143902707836,2.2973807233843546,-1.8500771583910653,6.444838605159775
lab_a_mean,Mean a* (redness),BCG4-6,TRIOS3,TRIOS5,-13.925700646287318,4.901985733613486,2.2973807233843546,-1.8500771583910653,6.444838605159775
lab_a_mean,Mean a* (redness),BCG4-7,TRIOS3,TRIOS5,-12.60591643476443,3.8268479335760865,2.2973807233843546,-1.8500771583910653,6.444838605159775
lab_a_mean,Mean a* (redness),BCG4-8,TRIOS3,TRIOS5,-10.498873561882277,3.557056570859743,2.2973807233843546,-1.8500771583910653,6.444838605159775
lab_a_mean,Mean a* (redness),BCG1-1,TRIOS3,iTERO,-7.213252196356741,-3.261371550231104,1.9093773492891148,-2.636100382433833,6.454855081012063
lab_a_mean,Mean a* (redness),BCG1-2,TRIOS3,iTERO,-10.753036554075468,2.606159675821253,1.9093773492891148,-2.636100382433833,6.454855081012063
lab_a_mean,Mean a* (redness),BCG1-3,TRIOS3,iTERO,-10.168021928208805,2.282329677651994,1.9093773492891148,-2.636100382433833,6.454855081012063
lab_a_mean,Mean a* (redness),BCG1-4,TRIOS3,iTERO,-9.465378863181233,3.207937766966076,1.9093773492891148,-2.636100382433833,6.454855081012063
lab_a_mean,Mean a* (redness),BCG1-5,TRIOS3,iTERO,-9.845606409785756,0.9274313078835164,1.9093773492891148,-2.636100382433833,6.454855081012063
lab_a_mean,Mean a* (redness),BCG1-6,TRIOS3,iTERO,-7.397295096082782,-2.590840409962972,1.9093773492891148,-2.636100382433833,6.454855081012063
lab_a_mean,Mean a* (redness),BCG1-7,TRIOS3,iTERO,-11.295174707635436,1.2276645961776822,1.9093773492891148,-2.636100382433833,6.454855081012063
lab_a_mean,Mean a* (redness),BCG1-8,TRIOS3,iTERO,-12.024963888490465,0.1099876757522722,1.9093773492891148,-2.636100382433833,6.454855081012063
lab_a_mean,Mean a* (redness),BCG2-1,TRIOS3,iTERO,-8.690614649952035,-1.363570685008817,1.9093773492891148,-2.636100382433833,6.454855081012063
lab_a_mean,Mean a* (redness),BCG2-2,TRIOS3,iTERO,-8.536459867866789,-1.508316882231881,1.9093773492891148,-2.636100382433833,6.454855081012063
lab_a_mean,Mean a* (redness),BCG2-3,TRIOS3,iTERO,-9.378405756303064,-2.1508567479756593,1.9093773492891148,-2.636100382433833,6.454855081012063
lab_a_mean,Mean a* (redness),BCG2-4,TRIOS3,iTERO,-9.657948798094083,2.0854847938752243,1.9093773492891148,-2.636100382433833,6.454855081012063
lab_a_mean,Mean a* (redness),BCG2-5,TRIOS3,iTERO,-11.554277515463355,1.6521100188510047,1.9093773492891148,-2.636100382433833,6.454855081012063
lab_a_mean,Mean a* (redness),BCG2-6,TRIOS3,iTERO,-10.100880959126062,1.7817375027546447,1.9093773492891148,-2.636100382433833,6.454855081012063
lab_a_mean,Mean a* (redness),BCG2-7,TRIOS3,iTERO,-12.416684897184851,-0.2793406780683796,1.9093773492891148,-2.636100382433833,6.454855081012063
lab_a_mean,Mean a* (redness),BCG2-8,TRIOS3,iTERO,-10.926020280662978,2.0078592047502966,1.9093773492891148,-2.636100382433833,6.454855081012063
lab_a_mean,Mean a* (redness),BCG3-1,TRIOS3,iTERO,-12.019437948694861,3.7789795249119535,1.9093773492891148,-2.636100382433833,6.454855081012063
lab_a_mean,Mean a* (redness),BCG3-2,TRIOS3,iTERO,-9.39593595481363,1.4664093209065214,1.9093773492891148,-2.636100382433833,6.454855081012063
lab_a_mean,Mean a* (redness),BCG3-3,TRIOS3,iTERO,-9.075946104290527,1.5753559660180159,1.9093773492891148,-2.636100382433833,6.454855081012063
lab_a_mean,Mean a* (redness),BCG3-4,TRIOS3,iTERO,-9.514016362507089,2.8078536776587484,1.9093773492891148,-2.636100382433833,6.454855081012063
lab_a_mean,Mean a* (redness),BCG3-5,TRIOS3,iTERO,-7.48804532079615,2.3149200838276514,1.9093773492891148,-2.636100382433833,6.454855081012063
lab_a_mean,Mean a* (redness),BCG3-6,TRIOS3,iTERO,-8.637908692409798,2.086536462075351,1.9093773492891148,-2.636100382433833,6.454855081012063
lab_a_mean,Mean a* (redness),BCG3-7,TRIOS3,iTERO,-9.094921937697194,1.300699846647447,1.9093773492891148,-2.636100382433833,6.454855081012063
lab_a_mean,Mean a* (redness),BCG3-8,TRIOS3,iTERO,-6.628703471334269,3.0280319537905314,1.9093773492891148,-2.636100382433833,6.454855081012063
lab_a_mean,Mean a* (redness),BCG4-1,TRIOS3,iTERO,-16.223050419069775,3.591718077541877,1.9093773492891148,-2.636100382433833,6.454855081012063
lab_a_mean,Mean a* (redness),BCG4-2,TRIOS3,iTERO,-14.32082310205475,4.635100793789725,1.9093773492891148,-2.636100382433833,6.454855081012063
lab_a_mean,Mean a* (redness),BCG4-3,TRIOS3,iTERO,-14.4116261520679,4.982376593142099,1.9093773492891148,-2.636100382433833,6.454855081012063
lab_a_mean,Mean a* (redness),BCG4-4,TRIOS3,iTERO,-14.33751199931896,3.9833200973799094,1.9093773492891148,-2.636100382433833,6.454855081012063
lab_a_mean,Mean a* (redness),BCG4-5,TRIOS3,iTERO,-12.542495300920052,6.451684894834216,1.9093773492891148,-2.636100382433833,6.454855081012063
lab_a_mean,Mean a* (redness),BCG4-6,TRIOS3,iTERO,-13.215700419988718,3.4819852810162857,1.9093773492891148,-2.636100382433833,6.454855081012063
lab_a_mean,Mean a* (redness),BCG4-7,TRIOS3,iTERO,-13.484936110152816,5.58488728435286,1.9093773492891148,-2.636100382433833,6.454855081012063
lab_a_mean,Mean a* (redness),BCG4-8,TRIOS3,iTERO,-10.368250302629072,3.295810052353332,1.9093773492891148,-2.636100382433833,6.454855081012063
lab_a_mean,Mean a* (redness),BCG1-1,TRIOS5,iTERO,-6.049548283196501,-0.9339637239106224,-0.3880033740952399,-4.886711432878482,4.110704684688003
lab_a_mean,Mean a* (redness),BCG1-2,TRIOS5,iTERO,-10.213717346833427,3.6847980903053354,-0.3880033740952399,-4.886711432878482,4.110704684688003
lab_a_mean,Mean a* (redness),BCG1-3,TRIOS5,iTERO,-10.936776053808691,0.7448214264522228,-0.3880033740952399,-4.886711432878482,4.110704684688003
lab_a_mean,Mean a* (redness),BCG1-4,TRIOS5,iTERO,-10.342620639537822,1.453454214252897,-0.3880033740952399,-4.886711432878482,4.110704684688003
lab_a_mean,Mean a* (redness),BCG1-5,TRIOS5,iTERO,-10.639932282136545,-0.6612204368180628,-0.3880033740952399,-4.886711432878482,4.110704684688003
lab_a_mean,Mean a* (redness),BCG1-6,TRIOS5,iTERO,-7.832551570501815,-3.4613533588010377,-0.3880033740952399,-4.886711432878482,4.110704684688003
lab_a_mean,Mean a* (redness),BCG1-7,TRIOS5,iTERO,-12.194993595919284,-0.5719731803900139,-0.3880033740952399,-4.886711432878482,4.110704684688003
lab_a_mean,Mean a* (redness),BCG1-8,TRIOS5,iTERO,-10.957964193511806,2.2439870657095895,-0.3880033740952399,-4.886711432878482,4.110704684688003
lab_a_mean,Mean a* (redness),BCG2-1,TRIOS5,iTERO,-8.354240563956989,-0.6908225130187233,-0.3880033740952399,-4.886711432878482,4.110704684688003
lab_a_mean,Mean a* (redness),BCG2-2,TRIOS5,iTERO,-10.112706046014397,-4.660809238527097,-0.3880033740952399,-4.886711432878482,4.110704684688003
lab_a_mean,Mean a* (redness),BCG2-3,TRIOS5,iTERO,-9.629085309913792,-2.6522158551971167,-0.3880033740952399,-4.886711432878482,4.110704684688003
lab_a_mean,Mean a* (redness),BCG2-4,TRIOS5,iTERO,-11.017221834783173,-0.6330612795029573,-0.3880033740952399,-4.886711432878482,4.110704684688003
lab_a_mean,Mean a* (redness),BCG2-5,TRIOS5,iTERO,-11.558896480504949,1.6428720887678168,-0.3880033740952399,-4.886711432878482,4.110704684688003
lab_a_mean,Mean a* (redness),BCG2-6,TRIOS5,iTERO,-12.655933007323208,-3.3283665936396467,-0.3880033740952399,-4.886711432878482,4.110704684688003
lab_a_mean,Mean a* (redness),BCG2-7,TRIOS5,iTERO,-14.09570396557336,-3.6373788148453983,-0.3880033740952399,-4.886711432878482,4.110704684688003
lab_a_mean,Mean a* (redness),BCG2-8,TRIOS5,iTERO,-13.635154489389087,-3.4104092127019214,-0.3880033740952399,-4.886711432878482,4.110704684688003
lab_a_mean,Mean a* (redness),BCG3-1,TRIOS5,iTERO,-13.204780360093803,1.4082947021140697,-0.3880033740952399,-4.886711432878482,4.110704684688003
lab_a_mean,Mean a* (redness),BCG3-2,TRIOS5,iTERO,-10.940717543786391,-1.623153857039,-0.3880033740952399,-4.886711432878482,4.110704684688003
lab_a_mean,Mean a* (redness),BCG3-3,TRIOS5,iTERO,-10.456516633112372,-1.1857850916256751,-0.3880033740952399,-4.886711432878482,4.110704684688003
lab_a_mean,Mean a* (redness),BCG3-4,TRIOS5,iTERO,-11.1987043976371,-0.5615223926012725,-0.3880033740952399,-4.886711432878482,4.110704684688003
lab_a_mean,Mean a* (redness),BCG3-5,TRIOS5,iTERO,-9.630596846555163,-1.9701829676903735,-0.3880033740952399,-4.886711432878482,4.110704684688003
lab_a_mean,Mean a* (redness),BCG3-6,TRIOS5,iTERO,-10.678888434314143,-1.9954230217333375,-0.3880033740952399,-4.886711432878482,4.110704684688003
lab_a_mean,Mean a* (redness),BCG3-7,TRIOS5,iTERO,-9.622786850217343,0.24497002160714842,-0.3880033740952399,-4.886711432878482,4.110704684688003
lab_a_mean,Mean a* (redness),BCG3-8,TRIOS5,iTERO,-9.629229513950468,-2.973020131441867,-0.3880033740952399,-4.886711432878482,4.110704684688003
lab_a_mean,Mean a* (redness),BCG4-1,TRIOS5,iTERO,-17.180630972009098,1.6765569716632314,-0.3880033740952399,-4.886711432878482,4.110704684688003
lab_a_mean,Mean a* (redness),BCG4-2,TRIOS5,iTERO,-14.313627275575676,4.649492446747871,-0.3880033740952399,-4.886711432878482,4.110704684688003
lab_a_mean,Mean a* (redness),BCG4-3,TRIOS5,iTERO,-16.06610633038357,1.6734162365107608,-0.3880033740952399,-4.886711432878482,4.110704684688003
lab_a_mean,Mean a* (redness),BCG4-4,TRIOS5,iTERO,-16.348893516755933,-0.03944293749403727,-0.3880033740952399,-4.886711432878482,4.110704684688003
lab_a_mean,Mean a* (redness),BCG4-5,TRIOS5,iTERO,-14.23106725227397,3.07454099212638,-0.3880033740952399,-4.886711432878482,4.110704684688003
lab_a_mean,Mean a* (redness),BCG4-6,TRIOS5,iTERO,-15.66669328679546,-1.4200004525972005,-0.3880033740952399,-4.886711432878482,4.110704684688003
lab_a_mean,Mean a* (redness),BCG4-7,TRIOS5,iTERO,-15.39836007694086,1.758039350776773,-0.3880033740952399,-4.886711432878482,4.110704684688003
lab_a_mean,Mean a* (redness),BCG4-8,TRIOS5,iTERO,-12.146778588058943,-0.261246518506411,-0.3880033740952399,-4.886711432878482,4.110704684688003
lab_chroma_mean,Mean C*ab (chroma),BCG1-1,LABscanner,TRIOS3,-12.34770993523766,-1.2973633650712486,4.368539201480754,-1.5328604995616057,10.269938902523114
lab_chroma_mean,Mean C*ab (chroma),BCG1-2,LABscanner,TRIOS3,-9.340483424901805,2.8911050194514445,4.368539201480754,-1.5328604995616057,10.269938902523114
lab_chroma_mean,Mean C*ab (chroma),BCG1-3,LABscanner,TRIOS3,-8.849428479518789,3.3949034913614824,4.368539201480754,-1.5328604995616057,10.269938902523114
lab_chroma_mean,Mean C*ab (chroma),BCG1-4,LABscanner,TRIOS3,-7.38759363075361,2.2008332378488475,4.368539201480754,-1.5328604995616057,10.269938902523114
lab_chroma_mean,Mean C*ab (chroma),BCG1-5,LABscanner,TRIOS3,-6.820779591722218,5.810084672177787,4.368539201480754,-1.5328604995616057,10.269938902523114
lab_chroma_mean,Mean C*ab (chroma),BCG1-6,LABscanner,TRIOS3,-7.63256934253069,7.113354465935437,4.368539201480754,-1.5328604995616057,10.269938902523114
lab_chroma_mean,Mean C*ab (chroma),BCG1-7,LABscanner,TRIOS3,-6.998978763358259,7.854753756929284,4.368539201480754,-1.5328604995616057,10.269938902523114
lab_chroma_mean,Mean C*ab (chroma),BCG1-8,LABscanner,TRIOS3,-8.132466341360466,10.469677981729227,4.368539201480754,-1.5328604995616057,10.269938902523114
lab_chroma_mean,Mean C*ab (chroma),BCG2-1,LABscanner,TRIOS3,-7.548603199713874,6.893745570057163,4.368539201480754,-1.5328604995616057,10.269938902523114
lab_chroma_mean,Mean C*ab (chroma),BCG2-2,LABscanner,TRIOS3,-7.923530787299331,6.42229404238315,4.368539201480754,-1.5328604995616057,10.269938902523114
lab_chroma_mean,Mean C*ab (chroma),BCG2-3,LABscanner,TRIOS3,-8.020734425281859,9.131923951499573,4.368539201480754,-1.5328604995616057,10.269938902523114
lab_chroma_mean,Mean C*ab (chroma),BCG2-4,LABscanner,TRIOS3,-7.84907346793554,2.5671878993614285,4.368539201480754,-1.5328604995616057,10.269938902523114
lab_chroma_mean,Mean C*ab (chroma),BCG2-5,LABscanner,TRIOS3,-8.113090052051724,6.8526319807663185,4.368539201480754,-1.5328604995616057,10.269938902523114
lab_chroma_mean,Mean C*ab (chroma),BCG2-6,LABscanner,TRIOS3,-6.428096152997178,5.229580643276975,4.368539201480754,-1.5328604995616057,10.269938902523114
lab_chroma_mean,Mean C*ab (chroma),BCG2-7,LABscanner,TRIOS3,-9.615317410848451,5.9752905275031125,4.368539201480754,-1.5328604995616057,10.269938902523114
lab_chroma_mean,Mean C*ab (chroma),BCG2-8,LABscanner,TRIOS3,-5.712765505542034,7.570418835764549,4.368539201480754,-1.5328604995616057,10.269938902523114
lab_chroma_mean,Mean C*ab (chroma),BCG3-1,LABscanner,TRIOS3,-8.144413538781954,7.877415178410743,4.368539201480754,-1.5328604995616057,10.269938902523114
lab_chroma_mean,Mean C*ab (chroma),BCG3-2,LABscanner,TRIOS3,-7.446706912348109,4.093704692141678,4.368539201480754,-1.5328604995616057,10.269938902523114
lab_chroma_mean,Mean C*ab (chroma),BCG3-3,LABscanner,TRIOS3,-8.288890901963345,2.4840949672017913,4.368539201480754,-1.5328604995616057,10.269938902523114
lab_chroma_mean,Mean C*ab (chroma),BCG3-4,LABscanner,TRIOS3,-8.076967554387029,1.6428460098884372,4.368539201480754,-1.5328604995616057,10.269938902523114
lab_chroma_mean,Mean C*ab (chroma),BCG3-5,LABscanner,TRIOS3,-8.049009510978205,-0.6075916267240942,4.368539201480754,-1.5328604995616057,10.269938902523114
lab_chroma_mean,Mean C*ab (chroma),BCG3-6,LABscanner,TRIOS3,-8.009237047200642,0.38814466431988137,4.368539201480754,-1.5328604995616057,10.269938902523114
lab_chroma_mean,Mean C*ab (chroma),BCG3-7,LABscanner,TRIOS3,-6.7240119634867455,5.135094426990889,4.368539201480754,-1.5328604995616057,10.269938902523114
lab_chroma_mean,Mean C*ab (chroma),BCG3-8,LABscanner,TRIOS3,-7.628871248262602,-1.0918833966477237,4.368539201480754,-1.5328604995616057,10.269938902523114
lab_chroma_mean,Mean C*ab (chroma),BCG4-1,LABscanner,TRIOS3,-12.059311323409888,3.0570056200679936,4.368539201480754,-1.5328604995616057,10.269938902523114
lab_chroma_mean,Mean C*ab (chroma),BCG4-2,LABscanner,TRIOS3,-9.059949195072743,3.9803264793867683,4.368539201480754,-1.5328604995616057,10.269938902523114
lab_chroma_mean,Mean C*ab (chroma),BCG4-3,LABscanner,TRIOS3,-8.870988651481667,5.592936572515157,4.368539201480754,-1.5328604995616057,10.269938902523114
lab_chroma_mean,Mean C*ab (chroma),BCG4-4,LABscanner,TRIOS3,-10.108383799073449,5.789631544882457,4.368539201480754,-1.5328604995616057,10.269938902523114
lab_chroma_mean,Mean C*ab (chroma),BCG4-5,LABscanner,TRIOS3,-7.202551754533804,2.1969531162730576,4.368539201480754,-1.5328604995616057,10.269938902523114
lab_chroma_mean,Mean C*ab (chroma),BCG4-6,LABscanner,TRIOS3,-12.47221979147271,3.4808678470532612,4.368539201480754,-1.5328604995616057,10.269938902523114
lab_chroma_mean,Mean C*ab (chroma),BCG4-7,LABscanner,TRIOS3,-6.893970728324035,6.386239246547277,4.368539201480754,-1.5328604995616057,10.269938902523114
lab_chroma_mean,Mean C*ab (chroma),BCG4-8,LABscanner,TRIOS3,-8.705430254677186,0.3070463941020236,4.368539201480754,-1.5328604995616057,10.269938902523114
lab_chroma_mean,Mean C*ab (chroma),BCG1-1,LABscanner,TRIOS5,-11.375191709069087,-3.242399817408394,6.576774653840307,0.590606559528065,12.562942748152548
lab_chroma_mean,Mean C*ab (chroma),BCG1-2,LABscanner,TRIOS5,-9.340103462162752,2.8903450939733375,6.576774653840307,0.590606559528065,12.562942748152548
lab_chroma_mean,Mean C*ab (chroma),BCG1-3,LABscanner,TRIOS5,-9.607824002140905,4.911694536605715,6.576774653840307,0.590606559528065,12.562942748152548
lab_chroma_mean,Mean C*ab (chroma),BCG1-4,LABscanner,TRIOS5,-8.550222596796026,4.526091169933679,6.576774653840307,0.590606559528065,12.562942748152548
lab_chroma_mean,Mean C*ab (chroma),BCG1-5,LABscanner,TRIOS5,-7.93044676099651,8.029419010726372,6.576774653840307,0.590606559528065,12.562942748152548
lab_chroma_mean,Mean C*ab (chroma),BCG1-6,LABscanner,TRIOS5,-7.864957973290865,7.578131727455787,6.576774653840307,0.590606559528065,12.562942748152548
lab_chroma_mean,Mean C*ab (chroma),BCG1-7,LABscanner,TRIOS5,-8.129680059831527,10.11615634987582,6.576774653840307,0.590606559528065,12.562942748152548
lab_chroma_mean,Mean C*ab (chroma),BCG1-8,LABscanner,TRIOS5,-7.4133300078394875,9.03140531468727,6.576774653840307,0.590606559528065,12.562942748152548
lab_chroma_mean,Mean C*ab (chroma),BCG2-1,LABscanner,TRIOS5,-7.334553167155404,6.465645504940223,6.576774653840307,0.590606559528065,12.562942748152548
lab_chroma_mean,Mean C*ab (chroma),BCG2-2,LABscanner,TRIOS5,-9.066154615341533,8.707541698467555,6.576774653840307,0.590606559528065,12.562942748152548
lab_chroma_mean,Mean C*ab (chroma),BCG2-3,LABscanner,TRIOS5,-8.049387657095716,9.189230415127287,6.576774653840307,0.590606559528065,12.562942748152548
lab_chroma_mean,Mean C*ab (chroma),BCG2-4,LABscanner,TRIOS5,-9.155135446816365,5.1793118571230785,6.576774653840307,0.590606559528065,12.562942748152548
lab_chroma_mean,Mean C*ab (chroma),BCG2-5,LABscanner,TRIOS5,-7.990947192135723,6.608346260934315,6.576774653840307,0.590606559528065,12.562942748152548
lab_chroma_mean,Mean C*ab (chroma),BCG2-6,LABscanner,TRIOS5,-8.839785189040764,10.052958715364149,6.576774653840307,0.590606559528065,12.562942748152548
lab_chroma_mean,Mean C*ab (chroma),BCG2-7,LABscanner,TRIOS5,-10.981017483237357,8.706690672280924,6.576774653840307,0.590606559528065,12.562942748152548
lab_chroma_mean,Mean C*ab (chroma),BCG2-8,LABscanner,TRIOS5,-8.50448122272838,13.15385027013724,6.576774653840307,0.590606559528065,12.562942748152548
lab_chroma_mean,Mean C*ab (chroma),BCG3-1,LABscanner,TRIOS5,-8.802509368165731,9.193606837178297,6.576774653840307,0.590606559528065,12.562942748152548
lab_chroma_mean,Mean C*ab (chroma),BCG3-2,LABscanner,TRIOS5,-8.688503087081054,6.577297041607569,6.576774653840307,0.590606559528065,12.562942748152548
lab_chroma_mean,Mean C*ab (chroma),BCG3-3,LABscanner,TRIOS5,-9.468901304782866,4.8441157728408335,6.576774653840307,0.590606559528065,12.562942748152548
lab_chroma_mean,Mean C*ab (chroma),BCG3-4,LABscanner,TRIOS5,-9.622808614331118,4.734528129776617,6.576774653840307,0.590606559528065,12.562942748152548
lab_chroma_mean,Mean C*ab (chroma),BCG3-5,LABscanner,TRIOS5,-9.74714418007412,2.7886777114677344,6.576774653840307,0.590606559528065,12.562942748152548
lab_chroma_mean,Mean C*ab (chroma),BCG3-6,LABscanner,TRIOS5,-10.16454788158518,4.698766333088958,6.576774653840307,0.590606559528065,12.562942748152548
lab_chroma_mean,Mean C*ab (chroma),BCG3-7,LABscanner,TRIOS5,-7.001386221239072,5.689842942495542,6.576774653840307,0.590606559528065,12.562942748152548
lab_chroma_mean,Mean C*ab (chroma),BCG3-8,LABscanner,TRIOS5,-10.420762292768739,4.4918986923645505,6.576774653840307,0.590606559528065,12.562942748152548
lab_chroma_mean,Mean C*ab (chroma),BCG4-1,LABscanner,TRIOS5,-13.022900687708624,4.984184348665465,6.576774653840307,0.590606559528065,12.562942748152548
lab_chroma_mean,Mean C*ab (chroma),BCG4-2,LABscanner,TRIOS5,-9.38795866235887,4.63634541395902,6.576774653840307,0.590606559528065,12.562942748152548
lab_chroma_mean,Mean C*ab (chroma),BCG4-3,LABscanner,TRIOS5,-10.688516090124551,9.227991449800925,6.576774653840307,0.590606559528065,12.562942748152548
lab_chroma_mean,Mean C*ab (chroma),BCG4-4,LABscanner,TRIOS5,-11.872988251805454,9.318840450346467,6.576774653840307,0.590606559528065,12.562942748152548
lab_chroma_mean,Mean C*ab (chroma),BCG4-5,LABscanner,TRIOS5,-9.118693175565017,6.029235958335484,6.576774653840307,0.590606559528065,12.562942748152548
lab_chroma_mean,Mean C*ab (chroma),BCG4-6,LABscanner,TRIOS5,-14.295267208628749,7.126962681365338,6.576774653840307,0.590606559528065,12.562942748152548
lab_chroma_mean,Mean C*ab (chroma),BCG4-7,LABscanner,TRIOS5,-8.796237011844038,10.190771813587283,6.576774653840307,0.590606559528065,12.562942748152548
lab_chroma_mean,Mean C*ab (chroma),BCG4-8,LABscanner,TRIOS5,-10.561559340518862,4.019304565785376,6.576774653840307,0.590606559528065,12.562942748152548
lab_chroma_mean,Mean C*ab (chroma),BCG1-1,LABscanner,iTERO,-10.684124973140957,-4.6245332892646545,6.2217442746734,-0.5303787264304347,12.973867275777234
lab_chroma_mean,Mean C*ab (chroma),BCG1-2,LABscanner,iTERO,-10.501145386330599,5.212428942309032,6.2217442746734,-0.5303787264304347,12.973867275777234
lab_chroma_mean,Mean C*ab (chroma),BCG1-3,LABscanner,iTERO,-10.477648030125298,6.651342592574501,6.2217442746734,-0.5303787264304347,12.973867275777234
lab_chroma_mean,Mean C*ab (chroma),BCG1-4,LABscanner,iTERO,-9.09276704937972,5.611180075101068,6.2217442746734,-0.5303787264304347,12.973867275777234
lab_chroma_mean,Mean C*ab (chroma),BCG1-5,LABscanner,iTERO,-7.8077415713094,7.784008631352151,6.2217442746734,-0.5303787264304347,12.973867275777234
lab_chroma_mean,Mean C*ab (chroma),BCG1-6,LABscanner,iTERO,-6.066108717647758,3.9804332161695726,6.2217442746734,-0.5303787264304347,12.973867275777234
lab_chroma_mean,Mean C*ab (chroma),BCG1-7,LABscanner,iTERO,-7.764838336727191,9.386472903667148,6.2217442746734,-0.5303787264304347,12.973867275777234
lab_chroma_mean,Mean C*ab (chroma),BCG1-8,LABscanner,iTERO,-8.396333199943566,10.997411698895426,6.2217442746734,-0.5303787264304347,12.973867275777234
lab_chroma_mean,Mean C*ab (chroma),BCG2-1,LABscanner,iTERO,-6.562015479280113,4.920570129189642,6.2217442746734,-0.5303787264304347,12.973867275777234
lab_chroma_mean,Mean C*ab (chroma),BCG2-2,LABscanner,iTERO,-6.769563625500158,4.114359718784804,6.2217442746734,-0.5303787264304347,12.973867275777234
lab_chroma_mean,Mean C*ab (chroma),BCG2-3,LABscanner,iTERO,-6.646141303584059,6.382737708103974,6.2217442746734,-0.5303787264304347,12.973867275777234
lab_chroma_mean,Mean C*ab (chroma),BCG2-4,LABscanner,iTERO,-8.864666635750655,4.59837423499166,6.2217442746734,-0.5303787264304347,12.973867275777234
lab_chroma_mean,Mean C*ab (chroma),BCG2-5,LABscanner,iTERO,-8.782931227602756,8.192314331868381,6.2217442746734,-0.5303787264304347,12.973867275777234
lab_chroma_mean,Mean C*ab (chroma),BCG2-6,LABscanner,iTERO,-7.618947879249195,7.611284095781009,6.2217442746734,-0.5303787264304347,12.973867275777234
lab_chroma_mean,Mean C*ab (chroma),BCG2-7,LABscanner,iTERO,-9.720375056648326,6.185405819102861,6.2217442746734,-0.5303787264304347,12.973867275777234
lab_chroma_mean,Mean C*ab (chroma),BCG2-8,LABscanner,iTERO,-7.053347820024843,10.251583464730167,6.2217442746734,-0.5303787264304347,12.973867275777234
lab_chroma_mean,Mean C*ab (chroma),BCG3-1,LABscanner,iTERO,-9.40654087118731,10.401669843221455,6.2217442746734,-0.5303787264304347,12.973867275777234
lab_chroma_mean,Mean C*ab (chroma),BCG3-2,LABscanner,iTERO,-8.027048207000615,5.254387281446689,6.2217442746734,-0.5303787264304347,12.973867275777234
lab_chroma_mean,Mean C*ab (chroma),BCG3-3,LABscanner,iTERO,-9.167520011030717,4.241353185336536,6.2217442746734,-0.5303787264304347,12.973867275777234
lab_chroma_mean,Mean C*ab (chroma),BCG3-4,LABscanner,iTERO,-9.418585176248314,4.326081253611008,6.2217442746734,-0.5303787264304347,12.973867275777234
lab_chroma_mean,Mean C*ab (chroma),BCG3-5,LABscanner,iTERO,-8.973306157900435,1.241001667120365,6.2217442746734,-0.5303787264304347,12.973867275777234
lab_chroma_mean,Mean C*ab (chroma),BCG3-6,LABscanner,iTERO,-8.85066666219053,2.0710038942996576,6.2217442746734,-0.5303787264304347,12.973867275777234
lab_chroma_mean,Mean C*ab (chroma),BCG3-7,LABscanner,iTERO,-7.163734945521792,6.014540391060983,6.2217442746734,-0.5303787264304347,12.973867275777234
lab_chroma_mean,Mean C*ab (chroma),BCG3-8,LABscanner,iTERO,-8.925492140177784,1.5013583871826413,6.2217442746734,-0.5303787264304347,12.973867275777234
lab_chroma_mean,Mean C*ab (chroma),BCG4-1,LABscanner,iTERO,-13.965817344193097,6.87001766163441,6.2217442746734,-0.5303787264304347,12.973867275777234
lab_chroma_mean,Mean C*ab (chroma),BCG4-2,LABscanner,iTERO,-11.568517068510893,8.997462226263067,6.2217442746734,-0.5303787264304347,12.973867275777234
lab_chroma_mean,Mean C*ab (chroma),BCG4-3,LABscanner,iTERO,-11.671513986579004,11.19398724270983,6.2217442746734,-0.5303787264304347,12.973867275777234
lab_chroma_mean,Mean C*ab (chroma),BCG4-4,LABscanner,iTERO,-11.906577118881158,9.386018184497875,6.2217442746734,-0.5303787264304347,12.973867275777234
lab_chroma_mean,Mean C*ab (chroma),BCG4-5,LABscanner,iTERO,-10.532352555663927,8.856554718533303,6.2217442746734,-0.5303787264304347,12.973867275777234
lab_chroma_mean,Mean C*ab (chroma),BCG4-6,LABscanner,iTERO,-13.698544121980348,5.933516508068536,6.2217442746734,-0.5303787264304347,12.973867275777234
lab_chroma_mean,Mean C*ab (chroma),BCG4-7,LABscanner,iTERO,-9.605694443039663,11.809686675978533,6.2217442746734,-0.5303787264304347,12.973867275777234
lab_chroma_mean,Mean C*ab (chroma),BCG4-8,LABscanner,iTERO,-10.422808755239743,3.7418033952271372,6.2217442746734,-0.5303787264304347,12.973867275777234
lab_chroma_mean,Mean C*ab (chroma),BCG1-1,TRIOS3,TRIOS5,-10.726510026533463,-1.9450364523371455,2.2082354523595527,-1.5279782431404088,5.944449147859514
lab_chroma_mean,Mean C*ab (chroma),BCG1-2,TRIOS3,TRIOS5,-10.785655971888474,-0.0007599254781069931,2.2082354523595527,-1.5279782431404088,5.944449147859514
lab_chroma_mean,Mean C*ab (chroma),BCG1-3,TRIOS3,TRIOS5,-11.305275747821646,1.5167910452442328,2.2082354523595527,-1.5279782431404088,5.944449147859514
lab_chroma_mean,Mean C*ab (chroma),BCG1-4,TRIOS3,TRIOS5,-9.65063921572045,2.3252579320848312,2.2082354523595527,-1.5279782431404088,5.944449147859514
lab_chroma_mean,Mean C*ab (chroma),BCG1-5,TRIOS3,TRIOS5,-10.835489097085404,2.2193343385485846,2.2082354523595527,-1.5279782431404088,5.944449147859514
lab_chroma_mean,Mean C*ab (chroma),BCG1-6,TRIOS3,TRIOS5,-11.421635206258584,0.46477726152035004,2.2082354523595527,-1.5279782431404088,5.944449147859514
lab_chroma_mean,Mean C*ab (chroma),BCG1-7,TRIOS3,TRIOS5,-12.057056938296169,2.261402592946535,2.2082354523595527,-1.5279782431404088,5.944449147859514
lab_chroma_mean,Mean C*ab (chroma),BCG1-8,TRIOS3,TRIOS5,-12.6481689987041,-1.4382726670419572,2.2082354523595527,-1.5279782431404088,5.944449147859514
lab_chroma_mean,Mean C*ab (chroma),BCG2-1,TRIOS3,TRIOS5,-10.781425952183985,-0.42810006511694,2.2082354523595527,-1.5279782431404088,5.944449147859514
lab_chroma_mean,Mean C*ab (chroma),BCG2-2,TRIOS3,TRIOS5,-12.277301636533108,2.2852476560844046,2.2082354523595527,-1.5279782431404088,5.944449147859514
lab_chroma_mean,Mean C*ab (chroma),BCG2-3,TRIOS3,TRIOS5,-12.615349632845502,0.05730646362771452,2.2082354523595527,-1.5279782431404088,5.944449147859514
lab_chroma_mean,Mean C*ab (chroma),BCG2-4,TRIOS3,TRIOS5,-10.438729396497079,2.61212395776165,2.2082354523595527,-1.5279782431404088,5.944449147859514
lab_chroma_mean,Mean C*ab (chroma),BCG2-5,TRIOS3,TRIOS5,-11.417263182518882,-0.24428571983200342,2.2082354523595527,-1.5279782431404088,5.944449147859514
lab_chroma_mean,Mean C*ab (chroma),BCG2-6,TRIOS3,TRIOS5,-11.454575510679252,4.8233780720871735,2.2082354523595527,-1.5279782431404088,5.944449147859514
lab_chroma_mean,Mean C*ab (chroma),BCG2-7,TRIOS3,TRIOS5,-13.968662746988914,2.731400144777812,2.2082354523595527,-1.5279782431404088,5.944449147859514
lab_chroma_mean,Mean C*ab (chroma),BCG2-8,TRIOS3,TRIOS5,-12.289690640610655,5.583431434372692,2.2082354523595527,-1.5279782431404088,5.944449147859514
lab_chroma_mean,Mean C*ab (chroma),BCG3-1,TRIOS3,TRIOS5,-12.741216957371103,1.3161916587675542,2.2082354523595527,-1.5279782431404088,5.944449147859514
lab_chroma_mean,Mean C*ab (chroma),BCG3-2,TRIOS3,TRIOS5,-10.735355433151893,2.4835923494658907,2.2082354523595527,-1.5279782431404088,5.944449147859514
lab_chroma_mean,Mean C*ab (chroma),BCG3-3,TRIOS3,TRIOS5,-10.710948788383762,2.360020805639042,2.2082354523595527,-1.5279782431404088,5.944449147859514
lab_chroma_mean,Mean C*ab (chroma),BCG3-4,TRIOS3,TRIOS5,-10.444231619275337,3.09168211988818,2.2082354523595527,-1.5279782431404088,5.944449147859514
lab_chroma_mean,Mean C*ab (chroma),BCG3-5,TRIOS3,TRIOS5,-9.443348366712073,3.3962693381918285,2.2082354523595527,-1.5279782431404088,5.944449147859514
lab_chroma_mean,Mean C*ab (chroma),BCG3-6,TRIOS3,TRIOS5,-10.358620213745121,4.310621668769077,2.2082354523595527,-1.5279782431404088,5.944449147859514
lab_chroma_mean,Mean C*ab (chroma),BCG3-7,TRIOS3,TRIOS5,-9.568933434734516,0.5547485155046523,2.2082354523595527,-1.5279782431404088,5.944449147859514
lab_chroma_mean,Mean C*ab (chroma),BCG3-8,TRIOS3,TRIOS5,-9.874820594444877,5.583782089012274,2.2082354523595527,-1.5279782431404088,5.944449147859514
lab_chroma_mean,Mean C*ab (chroma),BCG4-1,TRIOS3,TRIOS5,-14.551403497742621,1.9271787285974717,2.2082354523595527,-1.5279782431404088,5.944449147859514
lab_chroma_mean,Mean C*ab (chroma),BCG4-2,TRIOS3,TRIOS5,-11.378121902052253,0.656018934572252,2.2082354523595527,-1.5279782431404088,5.944449147859514
lab_chroma_mean,Mean C*ab (chroma),BCG4-3,TRIOS3,TRIOS5,-13.48498437638213,3.635054877285768,2.2082354523595527,-1.5279782431404088,5.944449147859514
lab_chroma_mean,Mean C*ab (chroma),BCG4-4,TRIOS3,TRIOS5,-14.767804024246683,3.52920890546401,2.2082354523595527,-1.5279782431404088,5.944449147859514
lab_chroma_mean,Mean C*ab (chroma),BCG4-5,TRIOS3,TRIOS5,-10.217169733701546,3.832282842062426,2.2082354523595527,-1.5279782431404088,5.944449147859514
lab_chroma_mean,Mean C*ab (chroma),BCG4-6,TRIOS3,TRIOS5,-16.03570113215538,3.646094834312077,2.2082354523595527,-1.5279782431404088,5.944449147859514
lab_chroma_mean,Mean C*ab (chroma),BCG4-7,TRIOS3,TRIOS5,-11.989356635117677,3.804532567040006,2.2082354523595527,-1.5279782431404088,5.944449147859514
lab_chroma_mean,Mean C*ab (chroma),BCG4-8,TRIOS3,TRIOS5,-10.715082537569874,3.7122581716833523,2.2082354523595527,-1.5279782431404088,5.944449147859514
lab_chroma_mean,Mean C*ab (chroma),BCG1-1,TRIOS3,iTERO,-10.035443290605333,-3.327169924193406,1.853205073192645,-2.974585789838179,6.680995936223469
lab_chroma_mean,Mean C*ab (chroma),BCG1-2,TRIOS3,iTERO,-11.946697896056321,2.3213239228575873,1.853205073192645,-2.974585789838179,6.680995936223469
lab_chroma_mean,Mean C*ab (chroma),BCG1-3,TRIOS3,iTERO,-12.17509977580604,3.2564391012130187,1.853205073192645,-2.974585789838179,6.680995936223469
lab_chroma_mean,Mean C*ab (chroma),BCG1-4,TRIOS3,iTERO,-10.193183668304144,3.41034683725222,1.853205073192645,-2.974585789838179,6.680995936223469
lab_chroma_mean,Mean C*ab (chroma),BCG1-5,TRIOS3,iTERO,-10.712783907398293,1.973923959174364,1.853205073192645,-2.974585789838179,6.680995936223469
lab_chroma_mean,Mean C*ab (chroma),BCG1-6,TRIOS3,iTERO,-9.622785950615476,-3.1329212497658645,1.853205073192645,-2.974585789838179,6.680995936223469
lab_chroma_mean,Mean C*ab (chroma),BCG1-7,TRIOS3,iTERO,-11.692215215191833,1.5317191467378635,1.853205073192645,-2.974585789838179,6.680995936223469
lab_chroma_mean,Mean C*ab (chroma),BCG1-8,TRIOS3,iTERO,-13.63117219080818,0.5277337171661998,1.853205073192645,-2.974585789838179,6.680995936223469
lab_chroma_mean,Mean C*ab (chroma),BCG2-1,TRIOS3,iTERO,-10.008888264308695,-1.9731754408675215,1.853205073192645,-2.974585789838179,6.680995936223469
lab_chroma_mean,Mean C*ab (chroma),BCG2-2,TRIOS3,iTERO,-9.980710646691733,-2.307934323598346,1.853205073192645,-2.974585789838179,6.680995936223469
lab_chroma_mean,Mean C*ab (chroma),BCG2-3,TRIOS3,iTERO,-11.212103279333846,-2.7491862433955987,1.853205073192645,-2.974585789838179,6.680995936223469
lab_chroma_mean,Mean C*ab (chroma),BCG2-4,TRIOS3,iTERO,-10.14826058543137,2.031186335630231,1.853205073192645,-2.974585789838179,6.680995936223469
lab_chroma_mean,Mean C*ab (chroma),BCG2-5,TRIOS3,iTERO,-12.209247217985915,1.3396823511020628,1.853205073192645,-2.974585789838179,6.680995936223469
lab_chroma_mean,Mean C*ab (chroma),BCG2-6,TRIOS3,iTERO,-10.233738200887682,2.381703452504034,1.853205073192645,-2.974585789838179,6.680995936223469
lab_chroma_mean,Mean C*ab (chroma),BCG2-7,TRIOS3,iTERO,-12.708020320399882,0.21011529159974884,1.853205073192645,-2.974585789838179,6.680995936223469
lab_chroma_mean,Mean C*ab (chroma),BCG2-8,TRIOS3,iTERO,-10.838557237907118,2.681164628965618,1.853205073192645,-2.974585789838179,6.680995936223469
lab_chroma_mean,Mean C*ab (chroma),BCG3-1,TRIOS3,iTERO,-13.345248460392682,2.5242546648107123,1.853205073192645,-2.974585789838179,6.680995936223469
lab_chroma_mean,Mean C*ab (chroma),BCG3-2,TRIOS3,iTERO,-10.073900553071454,1.1606825893050114,1.853205073192645,-2.974585789838179,6.680995936223469
lab_chroma_mean,Mean C*ab (chroma),BCG3-3,TRIOS3,iTERO,-10.409567494631613,1.7572582181347443,1.853205073192645,-2.974585789838179,6.680995936223469
lab_chroma_mean,Mean C*ab (chroma),BCG3-4,TRIOS3,iTERO,-10.240008181192533,2.683235243722571,1.853205073192645,-2.974585789838179,6.680995936223469
lab_chroma_mean,Mean C*ab (chroma),BCG3-5,TRIOS3,iTERO,-8.669510344538388,1.8485932938444591,1.853205073192645,-2.974585789838179,6.680995936223469
lab_chroma_mean,Mean C*ab (chroma),BCG3-6,TRIOS3,iTERO,-9.044738994350471,1.6828592299797762,1.853205073192645,-2.974585789838179,6.680995936223469
lab_chroma_mean,Mean C*ab (chroma),BCG3-7,TRIOS3,iTERO,-9.731282159017237,0.8794459640700936,1.853205073192645,-2.974585789838179,6.680995936223469
lab_chroma_mean,Mean C*ab (chroma),BCG3-8,TRIOS3,iTERO,-8.379550441853922,2.593241783830365,1.853205073192645,-2.974585789838179,6.680995936223469
lab_chroma_mean,Mean C*ab (chroma),BCG4-1,TRIOS3,iTERO,-15.494320154227093,3.8130120415664166,1.853205073192645,-2.974585789838179,6.680995936223469
lab_chroma_mean,Mean C*ab (chroma),BCG4-2,TRIOS3,iTERO,-13.558680308204277,5.017135746876299,1.853205073192645,-2.974585789838179,6.680995936223469
lab_chroma_mean,Mean C*ab (chroma),BCG4-3,TRIOS3,iTERO,-14.467982272836583,5.601050670194674,1.853205073192645,-2.974585789838179,6.680995936223469
lab_chroma_mean,Mean C*ab (chroma),BCG4-4,TRIOS3,iTERO,-14.801392891322386,3.5963866396154174,1.853205073192645,-2.974585789838179,6.680995936223469
lab_chroma_mean,Mean C*ab (chroma),BCG4-5,TRIOS3,iTERO,-11.630829113800456,6.659601602260246,1.853205073192645,-2.974585789838179,6.680995936223469
lab_chroma_mean,Mean C*ab (chroma),BCG4-6,TRIOS3,iTERO,-15.438978045506978,2.4526486610152745,1.853205073192645,-2.974585789838179,6.680995936223469
lab_chroma_mean,Mean C*ab (chroma),BCG4-7,TRIOS3,iTERO,-12.798814066313302,5.423447429431256,1.853205073192645,-2.974585789838179,6.680995936223469
lab_chroma_mean,Mean C*ab (chroma),BCG4-8,TRIOS3,iTERO,-10.576331952290754,3.4347570011251136,1.853205073192645,-2.974585789838179,6.680995936223469
lab_chroma_mean,Mean C*ab (chroma),BCG1-1,TRIOS5,iTERO,-9.06292506443676,-1.3821334718562603,-0.3550303791669077,-4.527298034970215,3.8172372766363996
lab_chroma_mean,Mean C*ab (chroma),BCG1-2,TRIOS5,iTERO,-11.946317933317268,2.3220838483356943,-0.3550303791669077,-4.527298034970215,3.8172372766363996
lab_chroma_mean,Mean C*ab (chroma),BCG1-3,TRIOS5,iTERO,-12.933495298428156,1.739648055968786,-0.3550303791669077,-4.527298034970215,3.8172372766363996
lab_chroma_mean,Mean C*ab (chroma),BCG1-4,TRIOS5,iTERO,-11.35581263434656,1.0850889051673889,-0.3550303791669077,-4.527298034970215,3.8172372766363996
lab_chroma_mean,Mean C*ab (chroma),BCG1-5,TRIOS5,iTERO,-11.822451076672586,-0.2454103793742206,-0.3550303791669077,-4.527298034970215,3.8172372766363996
lab_chroma_mean,Mean C*ab (chroma),BCG1-6,TRIOS5,iTERO,-9.855174581375651,-3.5976985112862145,-0.3550303791669077,-4.527298034970215,3.8172372766363996
lab_chroma_mean,Mean C*ab (chroma),BCG1-7,TRIOS5,iTERO,-12.8229165116651,-0.7296834462086714,-0.3550303791669077,-4.527298034970215,3.8172372766363996
lab_chroma_mean,Mean C*ab (chroma),BCG1-8,TRIOS5,iTERO,-12.9120358572872,1.966006384208157,-0.3550303791669077,-4.527298034970215,3.8172372766363996
lab_chroma_mean,Mean C*ab (chroma),BCG2-1,TRIOS5,iTERO,-9.794838231750225,-1.5450753757505815,-0.3550303791669077,-4.527298034970215,3.8172372766363996
lab_chroma_mean,Mean C*ab (chroma),BCG2-2,TRIOS5,iTERO,-11.123334474733936,-4.59318197968275,-0.3550303791669077,-4.527298034970215,3.8172372766363996
lab_chroma_mean,Mean C*ab (chroma),BCG2-3,TRIOS5,iTERO,-11.240756511147703,-2.806492707023313,-0.3550303791669077,-4.527298034970215,3.8172372766363996
lab_chroma_mean,Mean C*ab (chroma),BCG2-4,TRIOS5,iTERO,-11.454322564312195,-0.5809376221314189,-0.3550303791669077,-4.527298034970215,3.8172372766363996
lab_chroma_mean,Mean C*ab (chroma),BCG2-5,TRIOS5,iTERO,-12.087104358069913,1.5839680709340662,-0.3550303791669077,-4.527298034970215,3.8172372766363996
lab_chroma_mean,Mean C*ab (chroma),BCG2-6,TRIOS5,iTERO,-12.645427236931269,-2.4416746195831394,-0.3550303791669077,-4.527298034970215,3.8172372766363996
lab_chroma_mean,Mean C*ab (chroma),BCG2-7,TRIOS5,iTERO,-14.073720392788788,-2.521284853178063,-0.3550303791669077,-4.527298034970215,3.8172372766363996
lab_chroma_mean,Mean C*ab (chroma),BCG2-8,TRIOS5,iTERO,-13.630272955093464,-2.9022668054070735,-0.3550303791669077,-4.527298034970215,3.8172372766363996
lab_chroma_mean,Mean C*ab (chroma),BCG3-1,TRIOS5,iTERO,-14.003344289776459,1.208063006043158,-0.3550303791669077,-4.527298034970215,3.8172372766363996
lab_chroma_mean,Mean C*ab (chroma),BCG3-2,TRIOS5,iTERO,-11.315696727804399,-1.3229097601608792,-0.3550303791669077,-4.527298034970215,3.8172372766363996
lab_chroma_mean,Mean C*ab (chroma),BCG3-3,TRIOS5,iTERO,-11.589577897451134,-0.6027625875042979,-0.3550303791669077,-4.527298034970215,3.8172372766363996
lab_chroma_mean,Mean C*ab (chroma),BCG3-4,TRIOS5,iTERO,-11.785849241136622,-0.40844687616560904,-0.3550303791669077,-4.527298034970215,3.8172372766363996
lab_chroma_mean,Mean C*ab (chroma),BCG3-5,TRIOS5,iTERO,-10.367645013634302,-1.5476760443473694,-0.3550303791669077,-4.527298034970215,3.8172372766363996
lab_chroma_mean,Mean C*ab (chroma),BCG3-6,TRIOS5,iTERO,-11.20004982873501,-2.6277624387893006,-0.3550303791669077,-4.527298034970215,3.8172372766363996
lab_chroma_mean,Mean C*ab (chroma),BCG3-7,TRIOS5,iTERO,-10.008656416769563,0.32469744856544125,-0.3550303791669077,-4.527298034970215,3.8172372766363996
lab_chroma_mean,Mean C*ab (chroma),BCG3-8,TRIOS5,iTERO,-11.17144148636006,-2.9905403051819093,-0.3550303791669077,-4.527298034970215,3.8172372766363996
lab_chroma_mean,Mean C*ab (chroma),BCG4-1,TRIOS5,iTERO,-16.45790951852583,1.8858333129689449,-0.3550303791669077,-4.527298034970215,3.8172372766363996
lab_chroma_mean,Mean C*ab (chroma),BCG4-2,TRIOS5,iTERO,-13.886689775490403,4.361116812304047,-0.3550303791669077,-4.527298034970215,3.8172372766363996
lab_chroma_mean,Mean C*ab (chroma),BCG4-3,TRIOS5,iTERO,-16.285509711479467,1.965995792908906,-0.3550303791669077,-4.527298034970215,3.8172372766363996
lab_chroma_mean,Mean C*ab (chroma),BCG4-4,TRIOS5,iTERO,-16.56599734405439,0.06717773415140726,-0.3550303791669077,-4.527298034970215,3.8172372766363996
lab_chroma_mean,Mean C*ab (chroma),BCG4-5,TRIOS5,iTERO,-13.546970534831669,2.8273187601978194,-0.3550303791669077,-4.527298034970215,3.8172372766363996
lab_chroma_mean,Mean C*ab (chroma),BCG4-6,TRIOS5,iTERO,-17.26202546266302,-1.1934461732968025,-0.3550303791669077,-4.527298034970215,3.8172372766363996
lab_chroma_mean,Mean C*ab (chroma),BCG4-7,TRIOS5,iTERO,-14.701080349833305,1.6189148623912502,-0.3550303791669077,-4.527298034970215,3.8172372766363996
lab_chroma_mean,Mean C*ab (chroma),BCG4-8,TRIOS5,iTERO,-12.43246103813243,-0.27750117055823864,-0.3550303791669077,-4.527298034970215,3.8172372766363996
color_cluster_1_fraction,Reddest-cluster fraction,BCG1-1,LABscanner,TRIOS3,-0.6631390486409175,-0.11464703171818535,0.12428846968904787,-0.7029842964094029,0.9515612357874985
color_cluster_1_fraction,Reddest-cluster fraction,BCG1-2,LABscanner,TRIOS3,-0.49897364625859325,-0.30464144725887954,0.12428846968904787,-0.7029842964094029,0.9515612357874985
color_cluster_1_fraction,Reddest-cluster fraction,BCG1-3,LABscanner,TRIOS3,-0.5943328719346328,-0.4991709933506043,0.12428846968904787,-0.7029842964094029,0.9515612357874985
color_cluster_1_fraction,Reddest-cluster fraction,BCG1-4,LABscanner,TRIOS3,-0.5333902234569516,-0.286694471859375,0.12428846968904787,-0.7029842964094029,0.9515612357874985
color_cluster_1_fraction,Reddest-cluster fraction,BCG1-5,LABscanner,TRIOS3,-0.288867842847031,0.1896127587868168,0.12428846968904787,-0.7029842964094029,0.9515612357874985
color_cluster_1_fraction,Reddest-cluster fraction,BCG1-6,LABscanner,TRIOS3,-0.5160766944238326,0.27109021039494596,0.12428846968904787,-0.7029842964094029,0.9515612357874985
color_cluster_1_fraction,Reddest-cluster fraction,BCG1-7,LABscanner,TRIOS3,-0.17773248860861457,0.0347969187621143,0.12428846968904787,-0.7029842964094029,0.9515612357874985
color_cluster_1_fraction,Reddest-cluster fraction,BCG1-8,LABscanner,TRIOS3,-0.5249826681187066,0.7879311126647284,0.12428846968904787,-0.7029842964094029,0.9515612357874985
color_cluster_1_fraction,Reddest-cluster fraction,BCG2-1,LABscanner,TRIOS3,-0.5552354880469567,0.026441886292164485,0.12428846968904787,-0.7029842964094029,0.9515612357874985
color_cluster_1_fraction,Reddest-cluster fraction,BCG2-2,LABscanner,TRIOS3,-0.5824719806112488,-0.10739190434083168,0.12428846968904787,-0.7029842964094029,0.9515612357874985
color_cluster_1_fraction,Reddest-cluster fraction,BCG2-3,LABscanner,TRIOS3,-0.6166449210623159,0.32198371726792063,0.12428846968904787,-0.7029842964094029,0.9515612357874985
color_cluster_1_fraction,Reddest-cluster fraction,BCG2-4,LABscanner,TRIOS3,-0.4682543367720512,-0.0316100321349394,0.12428846968904787,-0.7029842964094029,0.9515612357874985
color_cluster_1_fraction,Reddest-cluster fraction,BCG2-5,LABscanner,TRIOS3,-0.523356895340547,0.0370509944348717,0.12428846968904787,-0.7029842964094029,0.9515612357874985
color_cluster_1_fraction,Reddest-cluster fraction,BCG2-6,LABscanner,TRIOS3,-0.4210928656735257,-0.21496370276566423,0.12428846968904787,-0.7029842964094029,0.9515612357874985
color_cluster_1_fraction,Reddest-cluster fraction,BCG2-7,LABscanner,TRIOS3,-0.44159496514708674,-0.2902796603374744,0.12428846968904787,-0.7029842964094029,0.9515612357874985
color_cluster_1_fraction,Reddest-cluster fraction,BCG2-8,LABscanner,TRIOS3,-0.26375855405278426,-0.33039176462638875,0.12428846968904787,-0.7029842964094029,0.9515612357874985
color_cluster_1_fraction,Reddest-cluster fraction,BCG3-1,LABscanner,TRIOS3,-0.6776529199840164,0.6213450786671375,0.12428846968904787,-0.7029842964094029,0.9515612357874985
color_cluster_1_fraction,Reddest-cluster fraction,BCG3-2,LABscanner,TRIOS3,-0.647130606336753,0.03279713661602346,0.12428846968904787,-0.7029842964094029,0.9515612357874985
color_cluster_1_fraction,Reddest-cluster fraction,BCG3-3,LABscanner,TRIOS3,-0.7119835125386034,0.27489981271156183,0.12428846968904787,-0.7029842964094029,0.9515612357874985
color_cluster_1_fraction,Reddest-cluster fraction,BCG3-4,LABscanner,TRIOS3,-0.4354287045467068,-0.18485514641728495,0.12428846968904787,-0.7029842964094029,0.9515612357874985
color_cluster_1_fraction,Reddest-cluster fraction,BCG3-5,LABscanner,TRIOS3,-0.7396154323064028,-0.07878296467196222,0.12428846968904787,-0.7029842964094029,0.9515612357874985
color_cluster_1_fraction,Reddest-cluster fraction,BCG3-6,LABscanner,TRIOS3,-0.36077380998312797,-0.3268223268689331,0.12428846968904787,-0.7029842964094029,0.9515612357874985
color_cluster_1_fraction,Reddest-cluster fraction,BCG3-7,LABscanner,TRIOS3,-0.47440482400467543,-0.15890475278929245,0.12428846968904787,-0.7029842964094029,0.9515612357874985
color_cluster_1_fraction,Reddest-cluster fraction,BCG3-8,LABscanner,TRIOS3,-0.5248311655892661,-0.4245410996727854,0.12428846968904787,-0.7029842964094029,0.9515612357874985
color_cluster_1_fraction,Reddest-cluster fraction,BCG4-1,LABscanner,TRIOS3,-0.5307195670705117,0.9385196983483757,0.12428846968904787,-0.7029842964094029,0.9515612357874985
color_cluster_1_fraction,Reddest-cluster fraction,BCG4-2,LABscanner,TRIOS3,-0.2853784518766781,0.4126295704872882,0.12428846968904787,-0.7029842964094029,0.9515612357874985
color_cluster_1_fraction,Reddest-cluster fraction,BCG4-3,LABscanner,TRIOS3,-0.34698736419154663,0.4719555415397858,0.12428846968904787,-0.7029842964094029,0.9515612357874985
color_cluster_1_fraction,Reddest-cluster fraction,BCG4-4,LABscanner,TRIOS3,-0.49605603936114157,0.9890578353601721,0.12428846968904787,-0.7029842964094029,0.9515612357874985
color_cluster_1_fraction,Reddest-cluster fraction,BCG4-5,LABscanner,TRIOS3,-0.02343955261208555,0.0450522504591251,0.12428846968904787,-0.7029842964094029,0.9515612357874985
color_cluster_1_fraction,Reddest-cluster fraction,BCG4-6,LABscanner,TRIOS3,-0.4731570575508669,0.9452765637229879,0.12428846968904787,-0.7029842964094029,0.9515612357874985
color_cluster_1_fraction,Reddest-cluster fraction,BCG4-7,LABscanner,TRIOS3,-0.12403905447070915,0.2480781089414183,0.12428846968904787,-0.7029842964094029,0.9515612357874985
color_cluster_1_fraction,Reddest-cluster fraction,BCG4-8,LABscanner,TRIOS3,-0.3416476684143312,0.6824091334046948,0.12428846968904787,-0.7029842964094029,0.9515612357874985
color_cluster_1_fraction,Reddest-cluster fraction,BCG1-1,LABscanner,TRIOS5,-0.36027055736368874,-0.720384014272643,0.22653537563624043,-0.6781386682706558,1.1312094195431368
color_cluster_1_fraction,Reddest-cluster fraction,BCG1-2,LABscanner,TRIOS5,-0.3303091421517281,-0.6419704554726099,0.22653537563624043,-0.6781386682706558,1.1312094195431368
color_cluster_1_fraction,Reddest-cluster fraction,BCG1-3,LABscanner,TRIOS5,-0.7055604227475835,-0.276715891724703,0.22653537563624043,-0.6781386682706558,1.1312094195431368
color_cluster_1_fraction,Reddest-cluster fraction,BCG1-4,LABscanner,TRIOS5,-0.5986591633070388,-0.15615659215920075,0.22653537563624043,-0.6781386682706558,1.1312094195431368
color_cluster_1_fraction,Reddest-cluster fraction,BCG1-5,LABscanner,TRIOS5,-0.3791696065367454,0.3702162861662456,0.22653537563624043,-0.6781386682706558,1.1312094195431368
color_cluster_1_fraction,Reddest-cluster fraction,BCG1-6,LABscanner,TRIOS5,-0.4154030292066547,0.06974287996059003,0.22653537563624043,-0.6781386682706558,1.1312094195431368
color_cluster_1_fraction,Reddest-cluster fraction,BCG1-7,LABscanner,TRIOS5,-0.26937694595724804,0.2180858334593812,0.22653537563624043,-0.6781386682706558,1.1312094195431368
color_cluster_1_fraction,Reddest-cluster fraction,BCG1-8,LABscanner,TRIOS5,-0.1475034324840711,0.03297264139545719,0.22653537563624043,-0.6781386682706558,1.1312094195431368
color_cluster_1_fraction,Reddest-cluster fraction,BCG2-1,LABscanner,TRIOS5,-0.3210602440535033,-0.4419086016947422,0.22653537563624043,-0.6781386682706558,1.1312094195431368
color_cluster_1_fraction,Reddest-cluster fraction,BCG2-2,LABscanner,TRIOS5,-0.5376145366249105,-0.19710679231350814,0.22653537563624043,-0.6781386682706558,1.1312094195431368
color_cluster_1_fraction,Reddest-cluster fraction,BCG2-3,LABscanner,TRIOS5,-0.42976058255369515,-0.05178495974932107,0.22653537563624043,-0.6781386682706558,1.1312094195431368
color_cluster_1_fraction,Reddest-cluster fraction,BCG2-4,LABscanner,TRIOS5,-0.5704000851109141,0.17268146454278638,0.22653537563624043,-0.6781386682706558,1.1312094195431368
color_cluster_1_fraction,Reddest-cluster fraction,BCG2-5,LABscanner,TRIOS5,-0.5040787385228129,-0.0015053192005964888,0.22653537563624043,-0.6781386682706558,1.1312094195431368
color_cluster_1_fraction,Reddest-cluster fraction,BCG2-6,LABscanner,TRIOS5,-0.7604629989737437,0.4637765638347717,0.22653537563624043,-0.6781386682706558,1.1312094195431368
color_cluster_1_fraction,Reddest-cluster fraction,BCG2-7,LABscanner,TRIOS5,-0.6631524278687715,0.15283526510589496,0.22653537563624043,-0.6781386682706558,1.1312094195431368
color_cluster_1_fraction,Reddest-cluster fraction,BCG2-8,LABscanner,TRIOS5,-0.5489022922900766,0.23989571184819602,0.22653537563624043,-0.6781386682706558,1.1312094195431368
color_cluster_1_fraction,Reddest-cluster fraction,BCG3-1,LABscanner,TRIOS5,-0.6190589920608011,0.5041572228207067,0.22653537563624043,-0.6781386682706558,1.1312094195431368
color_cluster_1_fraction,Reddest-cluster fraction,BCG3-2,LABscanner,TRIOS5,-0.7018177255025485,0.14217137494761456,0.22653537563624043,-0.6781386682706558,1.1312094195431368
color_cluster_1_fraction,Reddest-cluster fraction,BCG3-3,LABscanner,TRIOS5,-0.7059281232641441,0.2627890341626433,0.22653537563624043,-0.6781386682706558,1.1312094195431368
color_cluster_1_fraction,Reddest-cluster fraction,BCG3-4,LABscanner,TRIOS5,-0.6053252038322314,0.15493785215376443,0.22653537563624043,-0.6781386682706558,1.1312094195431368
color_cluster_1_fraction,Reddest-cluster fraction,BCG3-5,LABscanner,TRIOS5,-0.829465012658523,0.10091619603227808,0.22653537563624043,-0.6781386682706558,1.1312094195431368
color_cluster_1_fraction,Reddest-cluster fraction,BCG3-6,LABscanner,TRIOS5,-0.5481676269265472,0.047965307017905356,0.22653537563624043,-0.6781386682706558,1.1312094195431368
color_cluster_1_fraction,Reddest-cluster fraction,BCG3-7,LABscanner,TRIOS5,-0.5164509358195369,-0.07481252915956932,0.22653537563624043,-0.6781386682706558,1.1312094195431368
color_cluster_1_fraction,Reddest-cluster fraction,BCG3-8,LABscanner,TRIOS5,-0.7564491083677775,0.03869478588423725,0.22653537563624043,-0.6781386682706558,1.1312094195431368
color_cluster_1_fraction,Reddest-cluster fraction,BCG4-1,LABscanner,TRIOS5,-0.5220513779355037,0.9211833200783597,0.22653537563624043,-0.6781386682706558,1.1312094195431368
color_cluster_1_fraction,Reddest-cluster fraction,BCG4-2,LABscanner,TRIOS5,-0.35225820802840374,0.5463890827907395,0.22653537563624043,-0.6781386682706558,1.1312094195431368
color_cluster_1_fraction,Reddest-cluster fraction,BCG4-3,LABscanner,TRIOS5,-0.548087884900099,0.8741565829568905,0.22653537563624043,-0.6781386682706558,1.1312094195431368
color_cluster_1_fraction,Reddest-cluster fraction,BCG4-4,LABscanner,TRIOS5,-0.5004707963068598,0.9978873492516085,0.22653537563624043,-0.6781386682706558,1.1312094195431368
color_cluster_1_fraction,Reddest-cluster fraction,BCG4-5,LABscanner,TRIOS5,-0.3008095660847429,0.5997922774044399,0.22653537563624043,-0.6781386682706558,1.1312094195431368
color_cluster_1_fraction,Reddest-cluster fraction,BCG4-6,LABscanner,TRIOS5,-0.500184984664482,0.999332417950218,0.22653537563624043,-0.6781386682706558,1.1312094195431368
color_cluster_1_fraction,Reddest-cluster fraction,BCG4-7,LABscanner,TRIOS5,-0.4916099122015262,0.9832198244030524,0.22653537563624043,-0.6781386682706558,1.1312094195431368
color_cluster_1_fraction,Reddest-cluster fraction,BCG4-8,LABscanner,TRIOS5,-0.4592820526813871,0.9176779019388066,0.22653537563624043,-0.6781386682706558,1.1312094195431368
color_cluster_1_fraction,Reddest-cluster fraction,BCG1-1,LABscanner,iTERO,-0.37697473851131025,-0.6869756519774,0.01898419287781679,-1.120417397598703,1.1583857833543365
color_cluster_1_fraction,Reddest-cluster fraction,BCG1-2,LABscanner,iTERO,-0.5880325440314438,-0.12652365171317848,0.01898419287781679,-1.120417397598703,1.1583857833543365
color_cluster_1_fraction,Reddest-cluster fraction,BCG1-3,LABscanner,iTERO,-0.49351378561021186,-0.7008091659994462,0.01898419287781679,-1.120417397598703,1.1583857833543365
color_cluster_1_fraction,Reddest-cluster fraction,BCG1-4,LABscanner,iTERO,-0.4234538044434641,-0.5065673098863502,0.01898419287781679,-1.120417397598703,1.1583857833543365
color_cluster_1_fraction,Reddest-cluster fraction,BCG1-5,LABscanner,iTERO,-0.15673586961037625,-0.0746511876864927,0.01898419287781679,-1.120417397598703,1.1583857833543365
color_cluster_1_fraction,Reddest-cluster fraction,BCG1-6,LABscanner,iTERO,-0.19365613108808277,-0.37375091627655377,0.01898419287781679,-1.120417397598703,1.1583857833543365
color_cluster_1_fraction,Reddest-cluster fraction,BCG1-7,LABscanner,iTERO,-0.0850986121424636,-0.1504708341701876,0.01898419287781679,-1.120417397598703,1.1583857833543365
color_cluster_1_fraction,Reddest-cluster fraction,BCG1-8,LABscanner,iTERO,-0.15059724192590085,0.039160260279116677,0.01898419287781679,-1.120417397598703,1.1583857833543365
color_cluster_1_fraction,Reddest-cluster fraction,BCG2-1,LABscanner,iTERO,-0.4131431947805343,-0.25774270024068024,0.01898419287781679,-1.120417397598703,1.1583857833543365
color_cluster_1_fraction,Reddest-cluster fraction,BCG2-2,LABscanner,iTERO,-0.3375299652716381,-0.597275935020053,0.01898419287781679,-1.120417397598703,1.1583857833543365
color_cluster_1_fraction,Reddest-cluster fraction,BCG2-3,LABscanner,iTERO,-0.27964005644177575,-0.35202601197315986,0.01898419287781679,-1.120417397598703,1.1583857833543365
color_cluster_1_fraction,Reddest-cluster fraction,BCG2-4,LABscanner,iTERO,-0.5063408981490105,0.044563090618979284,0.01898419287781679,-1.120417397598703,1.1583857833543365
color_cluster_1_fraction,Reddest-cluster fraction,BCG2-5,LABscanner,iTERO,-0.5620589189701386,0.11445504169405485,0.01898419287781679,-1.120417397598703,1.1583857833543365
color_cluster_1_fraction,Reddest-cluster fraction,BCG2-6,LABscanner,iTERO,-0.4448033445997205,-0.16754274491327464,0.01898419287781679,-1.120417397598703,1.1583857833543365
color_cluster_1_fraction,Reddest-cluster fraction,BCG2-7,LABscanner,iTERO,-0.3578330994613366,-0.45780339170897466,0.01898419287781679,-1.120417397598703,1.1583857833543365
color_cluster_1_fraction,Reddest-cluster fraction,BCG2-8,LABscanner,iTERO,-0.3146433754374971,-0.22862212185696312,0.01898419287781679,-1.120417397598703,1.1583857833543365
color_cluster_1_fraction,Reddest-cluster fraction,BCG3-1,LABscanner,iTERO,-0.6022174143889656,0.47047406747703585,0.01898419287781679,-1.120417397598703,1.1583857833543365
color_cluster_1_fraction,Reddest-cluster fraction,BCG3-2,LABscanner,iTERO,-0.4445188083565854,-0.3724264593443116,0.01898419287781679,-1.120417397598703,1.1583857833543365
color_cluster_1_fraction,Reddest-cluster fraction,BCG3-3,LABscanner,iTERO,-0.43588390640744534,-0.2772993995507543,0.01898419287781679,-1.120417397598703,1.1583857833543365
color_cluster_1_fraction,Reddest-cluster fraction,BCG3-4,LABscanner,iTERO,-0.45769518942016824,-0.14032217667036206,0.01898419287781679,-1.120417397598703,1.1583857833543365
color_cluster_1_fraction,Reddest-cluster fraction,BCG3-5,LABscanner,iTERO,-0.4443944078420253,-0.6692250136007173,0.01898419287781679,-1.120417397598703,1.1583857833543365
color_cluster_1_fraction,Reddest-cluster fraction,BCG3-6,LABscanner,iTERO,-0.4757581149538648,-0.09685371692745953,0.01898419287781679,-1.120417397598703,1.1583857833543365
color_cluster_1_fraction,Reddest-cluster fraction,BCG3-7,LABscanner,iTERO,-0.32801082523025193,-0.4516927503381393,0.01898419287781679,-1.120417397598703,1.1583857833543365
color_cluster_1_fraction,Reddest-cluster fraction,BCG3-8,LABscanner,iTERO,-0.40858719807334226,-0.6570290347046331,0.01898419287781679,-1.120417397598703,1.1583857833543365
color_cluster_1_fraction,Reddest-cluster fraction,BCG4-1,LABscanner,iTERO,-0.5290184236383295,0.9351174114840113,0.01898419287781679,-1.120417397598703,1.1583857833543365
color_cluster_1_fraction,Reddest-cluster fraction,BCG4-2,LABscanner,iTERO,-0.5167193791194024,0.8753114249727366,0.01898419287781679,-1.120417397598703,1.1583857833543365
color_cluster_1_fraction,Reddest-cluster fraction,BCG4-3,LABscanner,iTERO,-0.533479424443957,0.8449396620446067,0.01898419287781679,-1.120417397598703,1.1583857833543365
color_cluster_1_fraction,Reddest-cluster fraction,BCG4-4,LABscanner,iTERO,-0.4857821378050918,0.9685100322480725,0.01898419287781679,-1.120417397598703,1.1583857833543365
color_cluster_1_fraction,Reddest-cluster fraction,BCG4-5,LABscanner,iTERO,-0.48357666720852227,0.9653264796519986,0.01898419287781679,-1.120417397598703,1.1583857833543365
color_cluster_1_fraction,Reddest-cluster fraction,BCG4-6,LABscanner,iTERO,-0.37422929477757155,0.7474210381763972,0.01898419287781679,-1.120417397598703,1.1583857833543365
color_cluster_1_fraction,Reddest-cluster fraction,BCG4-7,LABscanner,iTERO,-0.4972545909340492,0.9945091818680984,0.01898419287781679,-1.120417397598703,1.1583857833543365
color_cluster_1_fraction,Reddest-cluster fraction,BCG4-8,LABscanner,iTERO,-0.4771014297790443,0.953316656134121,0.01898419287781679,-1.120417397598703,1.1583857833543365
color_cluster_1_fraction,Reddest-cluster fraction,BCG1-1,TRIOS3,TRIOS5,-0.30294704150459606,-0.6057369825544576,0.10224690594719256,-0.5933235868477895,0.7978173987421746
color_cluster_1_fraction,Reddest-cluster fraction,BCG1-2,TRIOS3,TRIOS5,-0.17798841852228828,-0.3373290082137304,0.10224690594719256,-0.5933235868477895,0.7978173987421746
color_cluster_1_fraction,Reddest-cluster fraction,BCG1-3,TRIOS3,TRIOS5,-0.4559749260722813,0.22245510162590126,0.10224690594719256,-0.5933235868477895,0.7978173987421746
color_cluster_1_fraction,Reddest-cluster fraction,BCG1-4,TRIOS3,TRIOS5,-0.4553119273773513,0.13053787970017428,0.10224690594719256,-0.5933235868477895,0.7978173987421746
color_cluster_1_fraction,Reddest-cluster fraction,BCG1-5,TRIOS3,TRIOS5,-0.4739759859301538,0.1806035273794288,0.10224690594719256,-0.5933235868477895,0.7978173987421746
color_cluster_1_fraction,Reddest-cluster fraction,BCG1-6,TRIOS3,TRIOS5,-0.5509481344041276,-0.20134733043435593,0.10224690594719256,-0.5933235868477895,0.7978173987421746
color_cluster_1_fraction,Reddest-cluster fraction,BCG1-7,TRIOS3,TRIOS5,-0.28677540533830514,0.1832889146972669,0.10224690594719256,-0.5933235868477895,0.7978173987421746
color_cluster_1_fraction,Reddest-cluster fraction,BCG1-8,TRIOS3,TRIOS5,-0.5414689888164352,-0.7549584712692712,0.10224690594719256,-0.5933235868477895,0.7978173987421746
color_cluster_1_fraction,Reddest-cluster fraction,BCG2-1,TRIOS3,TRIOS5,-0.33428118719958555,-0.4683504879869067,0.10224690594719256,-0.5933235868477895,0.7978173987421746
color_cluster_1_fraction,Reddest-cluster fraction,BCG2-2,TRIOS3,TRIOS5,-0.4839185844544947,-0.08971488797267646,0.10224690594719256,-0.5933235868477895,0.7978173987421746
color_cluster_1_fraction,Reddest-cluster fraction,BCG2-3,TRIOS3,TRIOS5,-0.5907524411876555,-0.3737686770172417,0.10224690594719256,-0.5933235868477895,0.7978173987421746
color_cluster_1_fraction,Reddest-cluster fraction,BCG2-4,TRIOS3,TRIOS5,-0.5545950690434444,0.20429149667772578,0.10224690594719256,-0.5933235868477895,0.7978173987421746
color_cluster_1_fraction,Reddest-cluster fraction,BCG2-5,TRIOS3,TRIOS5,-0.5226042357402487,-0.03855631363546819,0.10224690594719256,-0.5933235868477895,0.7978173987421746
color_cluster_1_fraction,Reddest-cluster fraction,BCG2-6,TRIOS3,TRIOS5,-0.6529811475909115,0.678740266600436,0.10224690594719256,-0.5933235868477895,0.7978173987421746
color_cluster_1_fraction,Reddest-cluster fraction,BCG2-7,TRIOS3,TRIOS5,-0.5180125977000343,0.44311492544336933,0.10224690594719256,-0.5933235868477895,0.7978173987421746
color_cluster_1_fraction,Reddest-cluster fraction,BCG2-8,TRIOS3,TRIOS5,-0.38370640997688227,0.5702874764745848,0.10224690594719256,-0.5933235868477895,0.7978173987421746
color_cluster_1_fraction,Reddest-cluster fraction,BCG3-1,TRIOS3,TRIOS5,-0.9297315313943698,-0.11718785584643077,0.10224690594719256,-0.5933235868477895,0.7978173987421746
color_cluster_1_fraction,Reddest-cluster fraction,BCG3-2,TRIOS3,TRIOS5,-0.7182162938105603,0.1093742383315911,0.10224690594719256,-0.5933235868477895,0.7978173987421746
color_cluster_1_fraction,Reddest-cluster fraction,BCG3-3,TRIOS3,TRIOS5,-0.843378029619925,-0.01211077854891851,0.10224690594719256,-0.5933235868477895,0.7978173987421746
color_cluster_1_fraction,Reddest-cluster fraction,BCG3-4,TRIOS3,TRIOS5,-0.5128976306235891,0.3397929985710494,0.10224690594719256,-0.5933235868477895,0.7978173987421746
color_cluster_1_fraction,Reddest-cluster fraction,BCG3-5,TRIOS3,TRIOS5,-0.7900735303225419,0.1796991607042403,0.10224690594719256,-0.5933235868477895,0.7978173987421746
color_cluster_1_fraction,Reddest-cluster fraction,BCG3-6,TRIOS3,TRIOS5,-0.38475646349208065,0.37478763388683844,0.10224690594719256,-0.5933235868477895,0.7978173987421746
color_cluster_1_fraction,Reddest-cluster fraction,BCG3-7,TRIOS3,TRIOS5,-0.43699855942489074,0.08409222362972313,0.10224690594719256,-0.5933235868477895,0.7978173987421746
color_cluster_1_fraction,Reddest-cluster fraction,BCG3-8,TRIOS3,TRIOS5,-0.5441785585313847,0.46323588555702266,0.10224690594719256,-0.5933235868477895,0.7978173987421746
color_cluster_1_fraction,Reddest-cluster fraction,BCG4-1,TRIOS3,TRIOS5,-0.9913112271096916,-0.017336378270015995,0.10224690594719256,-0.5933235868477895,0.7978173987421746
color_cluster_1_fraction,Reddest-cluster fraction,BCG4-2,TRIOS3,TRIOS5,-0.5585729932720478,0.1337595123034513,0.10224690594719256,-0.5933235868477895,0.7978173987421746
color_cluster_1_fraction,Reddest-cluster fraction,BCG4-3,TRIOS3,TRIOS5,-0.7840656556699919,0.40220104141710467,0.10224690594719256,-0.5933235868477895,0.7978173987421746
color_cluster_1_fraction,Reddest-cluster fraction,BCG4-4,TRIOS3,TRIOS5,-0.9949997139869458,0.00882951389143638,0.10224690594719256,-0.5933235868477895,0.7978173987421746
color_cluster_1_fraction,Reddest-cluster fraction,BCG4-5,TRIOS3,TRIOS5,-0.32333569131430545,0.5547400269453148,0.10224690594719256,-0.5933235868477895,0.7978173987421746
color_cluster_1_fraction,Reddest-cluster fraction,BCG4-6,TRIOS3,TRIOS5,-0.972823266525976,0.05405585422723014,0.10224690594719256,-0.5933235868477895,0.7978173987421746
color_cluster_1_fraction,Reddest-cluster fraction,BCG4-7,TRIOS3,TRIOS5,-0.6156489666722353,0.7351417154616342,0.10224690594719256,-0.5933235868477895,0.7978173987421746
color_cluster_1_fraction,Reddest-cluster fraction,BCG4-8,TRIOS3,TRIOS5,-0.8004866193837346,0.23526876853411183,0.10224690594719256,-0.5933235868477895,0.7978173987421746
color_cluster_1_fraction,Reddest-cluster fraction,BCG1-1,TRIOS3,iTERO,-0.31965122265221757,-0.5723286202592146,-0.10530427681123108,-0.8851013930703125,0.6744928394478503
color_cluster_1_fraction,Reddest-cluster fraction,BCG1-2,TRIOS3,iTERO,-0.435711820402004,0.17811779554570106,-0.10530427681123108,-0.8851013930703125,0.6744928394478503
color_cluster_1_fraction,Reddest-cluster fraction,BCG1-3,TRIOS3,iTERO,-0.2439282889349097,-0.20163817264884198,-0.10530427681123108,-0.8851013930703125,0.6744928394478503
color_cluster_1_fraction,Reddest-cluster fraction,BCG1-4,TRIOS3,iTERO,-0.2801065685137766,-0.2198728380269752,-0.10530427681123108,-0.8851013930703125,0.6744928394478503
color_cluster_1_fraction,Reddest-cluster fraction,BCG1-5,TRIOS3,iTERO,-0.25154224900378463,-0.26426394647330953,-0.10530427681123108,-0.8851013930703125,0.6744928394478503
color_cluster_1_fraction,Reddest-cluster fraction,BCG1-6,TRIOS3,iTERO,-0.32920123628555575,-0.6448411266714997,-0.10530427681123108,-0.8851013930703125,0.6744928394478503
color_cluster_1_fraction,Reddest-cluster fraction,BCG1-7,TRIOS3,iTERO,-0.10249707152352075,-0.1852677529323019,-0.10530427681123108,-0.8851013930703125,0.6744928394478503
color_cluster_1_fraction,Reddest-cluster fraction,BCG1-8,TRIOS3,iTERO,-0.544562798258265,-0.7487708523856116,-0.10530427681123108,-0.8851013930703125,0.6744928394478503
color_cluster_1_fraction,Reddest-cluster fraction,BCG2-1,TRIOS3,iTERO,-0.42636413792661654,-0.28418458653284473,-0.10530427681123108,-0.8851013930703125,0.6744928394478503
color_cluster_1_fraction,Reddest-cluster fraction,BCG2-2,TRIOS3,iTERO,-0.28383401310122225,-0.4898840306792213,-0.10530427681123108,-0.8851013930703125,0.6744928394478503
color_cluster_1_fraction,Reddest-cluster fraction,BCG2-3,TRIOS3,iTERO,-0.44063191507573607,-0.6740097292410805,-0.10530427681123108,-0.8851013930703125,0.6744928394478503
color_cluster_1_fraction,Reddest-cluster fraction,BCG2-4,TRIOS3,iTERO,-0.49053588208154086,0.07617312275391869,-0.10530427681123108,-0.8851013930703125,0.6744928394478503
color_cluster_1_fraction,Reddest-cluster fraction,BCG2-5,TRIOS3,iTERO,-0.5805844161875744,0.07740404725918315,-0.10530427681123108,-0.8851013930703125,0.6744928394478503
color_cluster_1_fraction,Reddest-cluster fraction,BCG2-6,TRIOS3,iTERO,-0.3373214932168884,0.04742095785238959,-0.10530427681123108,-0.8851013930703125,0.6744928394478503
color_cluster_1_fraction,Reddest-cluster fraction,BCG2-7,TRIOS3,iTERO,-0.21269326929259944,-0.16752373137150028,-0.10530427681123108,-0.8851013930703125,0.6744928394478503
color_cluster_1_fraction,Reddest-cluster fraction,BCG2-8,TRIOS3,iTERO,-0.1494474931243027,0.10176964276942561,-0.10530427681123108,-0.8851013930703125,0.6744928394478503
color_cluster_1_fraction,Reddest-cluster fraction,BCG3-1,TRIOS3,iTERO,-0.9128899537225343,-0.1508710111901017,-0.10530427681123108,-0.8851013930703125,0.6744928394478503
color_cluster_1_fraction,Reddest-cluster fraction,BCG3-2,TRIOS3,iTERO,-0.46091737666459714,-0.4052235959603351,-0.10530427681123108,-0.8851013930703125,0.6744928394478503
color_cluster_1_fraction,Reddest-cluster fraction,BCG3-3,TRIOS3,iTERO,-0.5733338127632263,-0.552199212262316,-0.10530427681123108,-0.8851013930703125,0.6744928394478503
color_cluster_1_fraction,Reddest-cluster fraction,BCG3-4,TRIOS3,iTERO,-0.36526761621152576,0.04453296974692289,-0.10530427681123108,-0.8851013930703125,0.6744928394478503
color_cluster_1_fraction,Reddest-cluster fraction,BCG3-5,TRIOS3,iTERO,-0.40500292550604416,-0.5904420489287551,-0.10530427681123108,-0.8851013930703125,0.6744928394478503
color_cluster_1_fraction,Reddest-cluster fraction,BCG3-6,TRIOS3,iTERO,-0.3123469515193982,0.22996860994147358,-0.10530427681123108,-0.8851013930703125,0.6744928394478503
color_cluster_1_fraction,Reddest-cluster fraction,BCG3-7,TRIOS3,iTERO,-0.24855844883560574,-0.2927879975488469,-0.10530427681123108,-0.8851013930703125,0.6744928394478503
color_cluster_1_fraction,Reddest-cluster fraction,BCG3-8,TRIOS3,iTERO,-0.19631664823694955,-0.23248793503184773,-0.10530427681123108,-0.8851013930703125,0.6744928394478503
color_cluster_1_fraction,Reddest-cluster fraction,BCG4-1,TRIOS3,iTERO,-0.9982782728125174,-0.00340228686436439,-0.10530427681123108,-0.8851013930703125,0.6744928394478503
color_cluster_1_fraction,Reddest-cluster fraction,BCG4-2,TRIOS3,iTERO,-0.7230341643630465,0.4626818544854484,-0.10530427681123108,-0.8851013930703125,0.6744928394478503
color_cluster_1_fraction,Reddest-cluster fraction,BCG4-3,TRIOS3,iTERO,-0.76945719521385,0.3729841205048209,-0.10530427681123108,-0.8851013930703125,0.6744928394478503
color_cluster_1_fraction,Reddest-cluster fraction,BCG4-4,TRIOS3,iTERO,-0.9803110554851778,-0.020547803112099583,-0.10530427681123108,-0.8851013930703125,0.6744928394478503
color_cluster_1_fraction,Reddest-cluster fraction,BCG4-5,TRIOS3,iTERO,-0.5061027924380849,0.9202742291928735,-0.10530427681123108,-0.8851013930703125,0.6744928394478503
color_cluster_1_fraction,Reddest-cluster fraction,BCG4-6,TRIOS3,iTERO,-0.8468675766390654,-0.1978555255465907,-0.10530427681123108,-0.8851013930703125,0.6744928394478503
color_cluster_1_fraction,Reddest-cluster fraction,BCG4-7,TRIOS3,iTERO,-0.6212936454047584,0.7464310729266801,-0.10530427681123108,-0.8851013930703125,0.6744928394478503
color_cluster_1_fraction,Reddest-cluster fraction,BCG4-8,TRIOS3,iTERO,-0.8183059964813917,0.2709075227294262,-0.10530427681123108,-0.8851013930703125,0.6744928394478503
color_cluster_1_fraction,Reddest-cluster fraction,BCG1-1,TRIOS5,iTERO,-0.016782731374988747,0.0334083622952431,-0.20755118275842366,-0.8392393906856029,0.4241370251687556
color_cluster_1_fraction,Reddest-cluster fraction,BCG1-2,TRIOS5,iTERO,-0.26704731629513884,0.5154468037594314,-0.20755118275842366,-0.8392393906856029,0.4241370251687556
color_cluster_1_fraction,Reddest-cluster fraction,BCG1-3,TRIOS5,iTERO,-0.35515583974786036,-0.42409327427474325,-0.20755118275842366,-0.8392393906856029,0.4241370251687556
color_cluster_1_fraction,Reddest-cluster fraction,BCG1-4,TRIOS5,iTERO,-0.3453755083638637,-0.3504107177271495,-0.20755118275842366,-0.8392393906856029,0.4241370251687556
color_cluster_1_fraction,Reddest-cluster fraction,BCG1-5,TRIOS5,iTERO,-0.34184401269349907,-0.4448674738527383,-0.20755118275842366,-0.8392393906856029,0.4241370251687556
color_cluster_1_fraction,Reddest-cluster fraction,BCG1-6,TRIOS5,iTERO,-0.2285275710683778,-0.4434937962371438,-0.20755118275842366,-0.8392393906856029,0.4241370251687556
color_cluster_1_fraction,Reddest-cluster fraction,BCG1-7,TRIOS5,iTERO,-0.19414152887215422,-0.3685566676295688,-0.20755118275842366,-0.8392393906856029,0.4241370251687556
color_cluster_1_fraction,Reddest-cluster fraction,BCG1-8,TRIOS5,iTERO,-0.16708356262362944,0.006187618883659485,-0.20755118275842366,-0.8392393906856029,0.4241370251687556
color_cluster_1_fraction,Reddest-cluster fraction,BCG2-1,TRIOS5,iTERO,-0.19218889393316319,0.18416590145406198,-0.20755118275842366,-0.8392393906856029,0.4241370251687556
color_cluster_1_fraction,Reddest-cluster fraction,BCG2-2,TRIOS5,iTERO,-0.23897656911488405,-0.40016914270654486,-0.20755118275842366,-0.8392393906856029,0.4241370251687556
color_cluster_1_fraction,Reddest-cluster fraction,BCG2-3,TRIOS5,iTERO,-0.2537475765671152,-0.3002410522238388,-0.20755118275842366,-0.8392393906856029,0.4241370251687556
color_cluster_1_fraction,Reddest-cluster fraction,BCG2-4,TRIOS5,iTERO,-0.5926816304204037,-0.1281183739238071,-0.20755118275842366,-0.8392393906856029,0.4241370251687556
color_cluster_1_fraction,Reddest-cluster fraction,BCG2-5,TRIOS5,iTERO,-0.5613062593698404,0.11596036089465134,-0.20755118275842366,-0.8392393906856029,0.4241370251687556
color_cluster_1_fraction,Reddest-cluster fraction,BCG2-6,TRIOS5,iTERO,-0.6766916265171063,-0.6313193087480464,-0.20755118275842366,-0.8392393906856029,0.4241370251687556
color_cluster_1_fraction,Reddest-cluster fraction,BCG2-7,TRIOS5,iTERO,-0.4342507320142841,-0.6106386568148696,-0.20755118275842366,-0.8392393906856029,0.4241370251687556
color_cluster_1_fraction,Reddest-cluster fraction,BCG2-8,TRIOS5,iTERO,-0.43459123136159505,-0.46851783370515915,-0.20755118275842366,-0.8392393906856029,0.4241370251687556
color_cluster_1_fraction,Reddest-cluster fraction,BCG3-1,TRIOS5,iTERO,-0.854296025799319,-0.033683155343670945,-0.20755118275842366,-0.8392393906856029,0.4241370251687556
color_cluster_1_fraction,Reddest-cluster fraction,BCG3-2,TRIOS5,iTERO,-0.5156044958303927,-0.5145978342919262,-0.20755118275842366,-0.8392393906856029,0.4241370251687556
color_cluster_1_fraction,Reddest-cluster fraction,BCG3-3,TRIOS5,iTERO,-0.567278423488767,-0.5400884337133975,-0.20755118275842366,-0.8392393906856029,0.4241370251687556
color_cluster_1_fraction,Reddest-cluster fraction,BCG3-4,TRIOS5,iTERO,-0.5351641154970505,-0.2952600288241265,-0.20755118275842366,-0.8392393906856029,0.4241370251687556
color_cluster_1_fraction,Reddest-cluster fraction,BCG3-5,TRIOS5,iTERO,-0.4948525058581643,-0.7701412096329954,-0.20755118275842366,-0.8392393906856029,0.4241370251687556
color_cluster_1_fraction,Reddest-cluster fraction,BCG3-6,TRIOS5,iTERO,-0.49974076846281745,-0.1448190239453649,-0.20755118275842366,-0.8392393906856029,0.4241370251687556
color_cluster_1_fraction,Reddest-cluster fraction,BCG3-7,TRIOS5,iTERO,-0.2906045606504673,-0.37688022117857,-0.20755118275842366,-0.8392393906856029,0.4241370251687556
color_cluster_1_fraction,Reddest-cluster fraction,BCG3-8,TRIOS5,iTERO,-0.4279345910154609,-0.6957238205888704,-0.20755118275842366,-0.8392393906856029,0.4241370251687556
color_cluster_1_fraction,Reddest-cluster fraction,BCG4-1,TRIOS5,iTERO,-0.9896100836775094,0.013934091405651605,-0.20755118275842366,-0.8392393906856029,0.4241370251687556
color_cluster_1_fraction,Reddest-cluster fraction,BCG4-2,TRIOS5,iTERO,-0.789913920514772,0.3289223421819971,-0.20755118275842366,-0.8392393906856029,0.4241370251687556
color_cluster_1_fraction,Reddest-cluster fraction,BCG4-3,TRIOS5,iTERO,-0.9705577159224024,-0.029216920912283784,-0.20755118275842366,-0.8392393906856029,0.4241370251687556
color_cluster_1_fraction,Reddest-cluster fraction,BCG4-4,TRIOS5,iTERO,-0.984725812430896,-0.029377317003535963,-0.20755118275842366,-0.8392393906856029,0.4241370251687556
color_cluster_1_fraction,Reddest-cluster fraction,BCG4-5,TRIOS5,iTERO,-0.7834728059107422,0.3655342022475587,-0.20755118275842366,-0.8392393906856029,0.4241370251687556
color_cluster_1_fraction,Reddest-cluster fraction,BCG4-6,TRIOS5,iTERO,-0.8738955037526805,-0.25191137977382083,-0.20755118275842366,-0.8392393906856029,0.4241370251687556
color_cluster_1_fraction,Reddest-cluster fraction,BCG4-7,TRIOS5,iTERO,-0.9888645031355754,0.011289357465046002,-0.20755118275842366,-0.8392393906856029,0.4241370251687556
color_cluster_1_fraction,Reddest-cluster fraction,BCG4-8,TRIOS5,iTERO,-0.9359403807484477,0.03563875419531437,-0.20755118275842366,-0.8392393906856029,0.4241370251687556
lab_L_mean,Mean L* (lightness),BCG1-1,LABscanner,TRIOS3,2.562523467943606,-5.932181267789943,-5.518474428177495,-10.647083230823874,-0.38986562553111614
lab_L_mean,Mean L* (lightness),BCG1-2,LABscanner,TRIOS3,1.8339545027908741,-2.38061745022128,-5.518474428177495,-10.647083230823874,-0.38986562553111614
lab_L_mean,Mean L* (lightness),BCG1-3,LABscanner,TRIOS3,2.76727889153403,-4.696931667145442,-5.518474428177495,-10.647083230823874,-0.38986562553111614
lab_L_mean,Mean L* (lightness),BCG1-4,LABscanner,TRIOS3,2.085012854012856,-5.8882969861245655,-5.518474428177495,-10.647083230823874,-0.38986562553111614
lab_L_mean,Mean L* (lightness),BCG1-5,LABscanner,TRIOS3,3.452276582086238,-2.565555889699276,-5.518474428177495,-10.647083230823874,-0.38986562553111614
lab_L_mean,Mean L* (lightness),BCG1-6,LABscanner,TRIOS3,2.8997940065411356,-4.139264426848669,-5.518474428177495,-10.647083230823874,-0.38986562553111614
lab_L_mean,Mean L* (lightness),BCG1-7,LABscanner,TRIOS3,2.963550794358916,-1.4373650773570148,-5.518474428177495,-10.647083230823874,-0.38986562553111614
lab_L_mean,Mean L* (lightness),BCG1-8,LABscanner,TRIOS3,4.687537437482117,-5.167615450731283,-5.518474428177495,-10.647083230823874,-0.38986562553111614
lab_L_mean,Mean L* (lightness),BCG2-1,LABscanner,TRIOS3,3.225815151794965,-3.2977114366202116,-5.518474428177495,-10.647083230823874,-0.38986562553111614
lab_L_mean,Mean L* (lightness),BCG2-2,LABscanner,TRIOS3,2.4852919824424546,-4.55487714954991,-5.518474428177495,-10.647083230823874,-0.38986562553111614
lab_L_mean,Mean L* (lightness),BCG2-3,LABscanner,TRIOS3,2.546355748809642,-4.568380716068866,-5.518474428177495,-10.647083230823874,-0.38986562553111614
lab_L_mean,Mean L* (lightness),BCG2-4,LABscanner,TRIOS3,1.7979508818613859,-6.113762077732055,-5.518474428177495,-10.647083230823874,-0.38986562553111614
lab_L_mean,Mean L* (lightness),BCG2-5,LABscanner,TRIOS3,2.3004519873089926,-2.6028206002788963,-5.518474428177495,-10.647083230823874,-0.38986562553111614
lab_L_mean,Mean L* (lightness),BCG2-6,LABscanner,TRIOS3,2.33541450165232,-5.944486340235336,-5.518474428177495,-10.647083230823874,-0.38986562553111614
lab_L_mean,Mean L* (lightness),BCG2-7,LABscanner,TRIOS3,1.9739568062982507,-5.795346074512956,-5.518474428177495,-10.647083230823874,-0.38986562553111614
lab_L_mean,Mean L* (lightness),BCG2-8,LABscanner,TRIOS3,3.448771630954692,-2.7335928039393664,-5.518474428177495,-10.647083230823874,-0.38986562553111614
lab_L_mean,Mean L* (lightness),BCG3-1,LABscanner,TRIOS3,5.341763431496805,-7.905085174509843,-5.518474428177495,-10.647083230823874,-0.38986562553111614
lab_L_mean,Mean L* (lightness),BCG3-2,LABscanner,TRIOS3,3.5581799321536742,-5.592022110452355,-5.518474428177495,-10.647083230823874,-0.38986562553111614
lab_L_mean,Mean L* (lightness),BCG3-3,LABscanner,TRIOS3,3.0568267379697183,-7.397050176415114,-5.518474428177495,-10.647083230823874,-0.38986562553111614
lab_L_mean,Mean L* (lightness),BCG3-4,LABscanner,TRIOS3,2.6467142145474476,-6.645606961534007,-5.518474428177495,-10.647083230823874,-0.38986562553111614
lab_L_mean,Mean L* (lightness),BCG3-5,LABscanner,TRIOS3,2.308099844961358,-8.775487541178457,-5.518474428177495,-10.647083230823874,-0.38986562553111614
lab_L_mean,Mean L* (lightness),BCG3-6,LABscanner,TRIOS3,1.7121710636579976,-4.707687359564986,-5.518474428177495,-10.647083230823874,-0.38986562553111614
lab_L_mean,Mean L* (lightness),BCG3-7,LABscanner,TRIOS3,3.1040757811035604,-4.581704120022152,-5.518474428177495,-10.647083230823874,-0.38986562553111614
lab_L_mean,Mean L* (lightness),BCG3-8,LABscanner,TRIOS3,1.2426701750395601,-7.054591243953759,-5.518474428177495,-10.647083230823874,-0.38986562553111614
lab_L_mean,Mean L* (lightness),BCG4-1,LABscanner,TRIOS3,7.863753377346335,-6.867204562575154,-5.518474428177495,-10.647083230823874,-0.38986562553111614
lab_L_mean,Mean L* (lightness),BCG4-2,LABscanner,TRIOS3,4.019515259372913,-3.272082430810862,-5.518474428177495,-10.647083230823874,-0.38986562553111614
lab_L_mean,Mean L* (lightness),BCG4-3,LABscanner,TRIOS3,3.7113677126183617,-4.233073680361812,-5.518474428177495,-10.647083230823874,-0.38986562553111614
lab_L_mean,Mean L* (lightness),BCG4-4,LABscanner,TRIOS3,4.527105627349304,-13.025646892704607,-5.518474428177495,-10.647083230823874,-0.38986562553111614
lab_L_mean,Mean L* (lightness),BCG4-5,LABscanner,TRIOS3,1.5526192569042223,-3.5637430752264834,-5.518474428177495,-10.647083230823874,-0.38986562553111614
lab_L_mean,Mean L* (lightness),BCG4-6,LABscanner,TRIOS3,4.116326199607382,-10.1302572656299,-5.518474428177495,-10.647083230823874,-0.38986562553111614
lab_L_mean,Mean L* (lightness),BCG4-7,LABscanner,TRIOS3,2.2746101602195203,-3.8035625663960033,-5.518474428177495,-10.647083230823874,-0.38986562553111614
lab_L_mean,Mean L* (lightness),BCG4-8,LABscanner,TRIOS3,1.7859787566627325,-11.21757112548925,-5.518474428177495,-10.647083230823874,-0.38986562553111614
lab_L_mean,Mean L* (lightness),BCG1-1,LABscanner,TRIOS5,0.20214807557417203,-1.2114304830510747,-6.4505397286376,-13.310772788724988,0.4096933314497875
lab_L_mean,Mean L* (lightness),BCG1-2,LABscanner,TRIOS5,0.9300139729263321,-0.5727363904921958,-6.4505397286376,-13.310772788724988,0.4096933314497875
lab_L_mean,Mean L* (lightness),BCG1-3,LABscanner,TRIOS5,4.516498745198469,-8.19537137447432,-6.4505397286376,-13.310772788724988,0.4096933314497875
lab_L_mean,Mean L* (lightness),BCG1-4,LABscanner,TRIOS5,3.4251558365734063,-8.568582951245666,-6.4505397286376,-13.310772788724988,0.4096933314497875
lab_L_mean,Mean L* (lightness),BCG1-5,LABscanner,TRIOS5,3.992499532839105,-3.646001791205009,-6.4505397286376,-13.310772788724988,0.4096933314497875
lab_L_mean,Mean L* (lightness),BCG1-6,LABscanner,TRIOS5,3.605489608283687,-5.550655630333772,-6.4505397286376,-13.310772788724988,0.4096933314497875
lab_L_mean,Mean L* (lightness),BCG1-7,LABscanner,TRIOS5,3.64848368925664,-2.8072308671524624,-6.4505397286376,-13.310772788724988,0.4096933314497875
lab_L_mean,Mean L* (lightness),BCG1-8,LABscanner,TRIOS5,3.0524807554229056,-1.8975020866128602,-6.4505397286376,-13.310772788724988,0.4096933314497875
lab_L_mean,Mean L* (lightness),BCG2-1,LABscanner,TRIOS5,1.5557591605439853,0.042400545881747576,-6.4505397286376,-13.310772788724988,0.4096933314497875
lab_L_mean,Mean L* (lightness),BCG2-2,LABscanner,TRIOS5,3.093292305341965,-5.77087779534893,-6.4505397286376,-13.310772788724988,0.4096933314497875
lab_L_mean,Mean L* (lightness),BCG2-3,LABscanner,TRIOS5,1.9893991798891726,-3.454467578227927,-6.4505397286376,-13.310772788724988,0.4096933314497875
lab_L_mean,Mean L* (lightness),BCG2-4,LABscanner,TRIOS5,2.837677526786404,-8.193215367582091,-6.4505397286376,-13.310772788724988,0.4096933314497875
lab_L_mean,Mean L* (lightness),BCG2-5,LABscanner,TRIOS5,3.959546686159271,-5.9210099979794535,-6.4505397286376,-13.310772788724988,0.4096933314497875
lab_L_mean,Mean L* (lightness),BCG2-6,LABscanner,TRIOS5,4.308185808371274,-9.890028953673244,-6.4505397286376,-13.310772788724988,0.4096933314497875
lab_L_mean,Mean L* (lightness),BCG2-7,LABscanner,TRIOS5,3.4571484142974747,-8.761729290511404,-6.4505397286376,-13.310772788724988,0.4096933314497875
lab_L_mean,Mean L* (lightness),BCG2-8,LABscanner,TRIOS5,4.59751461062482,-5.0310787632796234,-6.4505397286376,-13.310772788724988,0.4096933314497875
lab_L_mean,Mean L* (lightness),BCG3-1,LABscanner,TRIOS5,4.491632054782954,-6.204822421082142,-6.4505397286376,-13.310772788724988,0.4096933314497875
lab_L_mean,Mean L* (lightness),BCG3-2,LABscanner,TRIOS5,4.419202675368751,-7.314067596882509,-6.4505397286376,-13.310772788724988,0.4096933314497875
lab_L_mean,Mean L* (lightness),BCG3-3,LABscanner,TRIOS5,3.4761361977604146,-8.235669095996506,-6.4505397286376,-13.310772788724988,0.4096933314497875
lab_L_mean,Mean L* (lightness),BCG3-4,LABscanner,TRIOS5,2.237010992158986,-5.826200516757083,-6.4505397286376,-13.310772788724988,0.4096933314497875
lab_L_mean,Mean L* (lightness),BCG3-5,LABscanner,TRIOS5,2.1188593115886967,-8.397006474433134,-6.4505397286376,-13.310772788724988,0.4096933314497875
lab_L_mean,Mean L* (lightness),BCG3-6,LABscanner,TRIOS5,1.4294848802218887,-4.142314992692768,-6.4505397286376,-13.310772788724988,0.4096933314497875
lab_L_mean,Mean L* (lightness),BCG3-7,LABscanner,TRIOS5,2.732320086265311,-3.8381927303456536,-6.4505397286376,-13.310772788724988,0.4096933314497875
lab_L_mean,Mean L* (lightness),BCG3-8,LABscanner,TRIOS5,1.957539118190187,-8.484329130255013,-6.4505397286376,-13.310772788724988,0.4096933314497875
lab_L_mean,Mean L* (lightness),BCG4-1,LABscanner,TRIOS5,8.145313469877838,-7.43032474763816,-6.4505397286376,-13.310772788724988,0.4096933314497875
lab_L_mean,Mean L* (lightness),BCG4-2,LABscanner,TRIOS5,3.961274376264111,-3.1556006645932584,-6.4505397286376,-13.310772788724988,0.4096933314497875
lab_L_mean,Mean L* (lightness),BCG4-3,LABscanner,TRIOS5,5.873442481000698,-8.557223217126484,-6.4505397286376,-13.310772788724988,0.4096933314497875
lab_L_mean,Mean L* (lightness),BCG4-4,LABscanner,TRIOS5,3.7201501402106523,-11.411735918427304,-6.4505397286376,-13.310772788724988,0.4096933314497875
lab_L_mean,Mean L* (lightness),BCG4-5,LABscanner,TRIOS5,2.781404810960474,-6.021314183338987,-6.4505397286376,-13.310772788724988,0.4096933314497875
lab_L_mean,Mean L* (lightness),BCG4-6,LABscanner,TRIOS5,6.676078593935774,-15.249762054286684,-6.4505397286376,-13.310772788724988,0.4096933314497875
lab_L_mean,Mean L* (lightness),BCG4-7,LABscanner,TRIOS5,5.512648321329845,-10.279638888616653,-6.4505397286376,-13.310772788724988,0.4096933314497875
lab_L_mean,Mean L* (lightness),BCG4-8,LABscanner,TRIOS5,2.3969681482394023,-12.43954990864259,-6.4505397286376,-13.310772788724988,0.4096933314497875
lab_L_mean,Mean L* (lightness),BCG1-1,LABscanner,iTERO,4.65307502241463,-10.11328437673199,-6.887703106886885,-11.967425117206771,-1.8079810965669996
lab_L_mean,Mean L* (lightness),BCG1-2,LABscanner,iTERO,6.507146149170644,-11.72700074298082,-6.887703106886885,-11.967425117206771,-1.8079810965669996
lab_L_mean,Mean L* (lightness),BCG1-3,LABscanner,iTERO,3.0127331187364454,-5.187840121550273,-6.887703106886885,-11.967425117206771,-1.8079810965669996
lab_L_mean,Mean L* (lightness),BCG1-4,LABscanner,iTERO,2.111546473911311,-5.941364225921475,-6.887703106886885,-11.967425117206771,-1.8079810965669996
lab_L_mean,Mean L* (lightness),BCG1-5,LABscanner,iTERO,4.13858723473696,-3.938177195000719,-6.887703106886885,-11.967425117206771,-1.8079810965669996
lab_L_mean,Mean L* (lightness),BCG1-6,LABscanner,iTERO,2.8222673882692106,-3.984211190304819,-6.887703106886885,-11.967425117206771,-1.8079810965669996
lab_L_mean,Mean L* (lightness),BCG1-7,LABscanner,iTERO,5.048247886172895,-5.606759260984973,-6.887703106886885,-11.967425117206771,-1.8079810965669996
lab_L_mean,Mean L* (lightness),BCG1-8,LABscanner,iTERO,4.514999144445262,-4.822538864657574,-6.887703106886885,-11.967425117206771,-1.8079810965669996
lab_L_mean,Mean L* (lightness),BCG2-1,LABscanner,iTERO,4.944339746046115,-6.734760625122512,-6.887703106886885,-11.967425117206771,-1.8079810965669996
lab_L_mean,Mean L* (lightness),BCG2-2,LABscanner,iTERO,3.4892792777846324,-6.562851740234265,-6.887703106886885,-11.967425117206771,-1.8079810965669996
lab_L_mean,Mean L* (lightness),BCG2-3,LABscanner,iTERO,2.818304363990137,-5.112277946429856,-6.887703106886885,-11.967425117206771,-1.8079810965669996
lab_L_mean,Mean L* (lightness),BCG2-4,LABscanner,iTERO,3.8058988617801965,-10.129658037569676,-6.887703106886885,-11.967425117206771,-1.8079810965669996
lab_L_mean,Mean L* (lightness),BCG2-5,LABscanner,iTERO,5.134900567964387,-8.271717761589684,-6.887703106886885,-11.967425117206771,-1.8079810965669996
lab_L_mean,Mean L* (lightness),BCG2-6,LABscanner,iTERO,2.6851272036453615,-6.64391174422142,-6.887703106886885,-11.967425117206771,-1.8079810965669996
lab_L_mean,Mean L* (lightness),BCG2-7,LABscanner,iTERO,4.094223926793838,-10.03588031550413,-6.887703106886885,-11.967425117206771,-1.8079810965669996
lab_L_mean,Mean L* (lightness),BCG2-8,LABscanner,iTERO,4.0245263616699845,-3.8851022653699516,-6.887703106886885,-11.967425117206771,-1.8079810965669996
lab_L_mean,Mean L* (lightness),BCG3-1,LABscanner,iTERO,5.237392503045019,-7.696343317606271,-6.887703106886885,-11.967425117206771,-1.8079810965669996
lab_L_mean,Mean L* (lightness),BCG3-2,LABscanner,iTERO,2.4648244899652454,-3.405311226075497,-6.887703106886885,-11.967425117206771,-1.8079810965669996
lab_L_mean,Mean L* (lightness),BCG3-3,LABscanner,iTERO,4.068441618601593,-9.420279937678863,-6.887703106886885,-11.967425117206771,-1.8079810965669996
lab_L_mean,Mean L* (lightness),BCG3-4,LABscanner,iTERO,2.244647508373397,-5.841473549185906,-6.887703106886885,-11.967425117206771,-1.8079810965669996
lab_L_mean,Mean L* (lightness),BCG3-5,LABscanner,iTERO,-0.10818607990174911,-3.9429156914522423,-6.887703106886885,-11.967425117206771,-1.8079810965669996
lab_L_mean,Mean L* (lightness),BCG3-6,LABscanner,iTERO,4.108881097553695,-9.50110742735638,-6.887703106886885,-11.967425117206771,-1.8079810965669996
lab_L_mean,Mean L* (lightness),BCG3-7,LABscanner,iTERO,3.0386813678671594,-4.45091529354935,-6.887703106886885,-11.967425117206771,-1.8079810965669996
lab_L_mean,Mean L* (lightness),BCG3-8,LABscanner,iTERO,1.6659559400072048,-7.901162773889048,-6.887703106886885,-11.967425117206771,-1.8079810965669996
lab_L_mean,Mean L* (lightness),BCG4-1,LABscanner,iTERO,7.888785570736388,-6.917268949355261,-6.887703106886885,-11.967425117206771,-1.8079810965669996
lab_L_mean,Mean L* (lightness),BCG4-2,LABscanner,iTERO,5.586951721066082,-6.406955354197201,-6.887703106886885,-11.967425117206771,-1.8079810965669996
lab_L_mean,Mean L* (lightness),BCG4-3,LABscanner,iTERO,2.415541953074019,-1.6414221612731268,-6.887703106886885,-11.967425117206771,-1.8079810965669996
lab_L_mean,Mean L* (lightness),BCG4-4,LABscanner,iTERO,1.9477604888369484,-7.8669566156798965,-6.887703106886885,-11.967425117206771,-1.8079810965669996
lab_L_mean,Mean L* (lightness),BCG4-5,LABscanner,iTERO,2.7370438680210682,-5.932592297460175,-6.887703106886885,-11.967425117206771,-1.8079810965669996
lab_L_mean,Mean L* (lightness),BCG4-6,LABscanner,iTERO,3.465762989387258,-8.829130845189653,-6.887703106886885,-11.967425117206771,-1.8079810965669996
lab_L_mean,Mean L* (lightness),BCG4-7,LABscanner,iTERO,5.221446090199194,-9.697234426355351,-6.887703106886885,-11.967425117206771,-1.8079810965669996
lab_L_mean,Mean L* (lightness),BCG4-8,LABscanner,iTERO,2.3062397638690975,-12.25809313990198,-6.887703106886885,-11.967425117206771,-1.8079810965669996
lab_L_mean,Mean L* (lightness),BCG1-1,TRIOS3,TRIOS5,3.1682387094691435,4.720750784738868,-0.9320653004601063,-5.902603844272422,4.038473243352209
lab_L_mean,Mean L* (lightness),BCG1-2,TRIOS3,TRIOS5,2.120322698036972,1.807881059729084,-0.9320653004601063,-5.902603844272422,4.038473243352209
lab_L_mean,Mean L* (lightness),BCG1-3,TRIOS3,TRIOS5,6.86496457877119,-3.4984397073288775,-0.9320653004601063,-5.902603844272422,4.038473243352209
lab_L_mean,Mean L* (lightness),BCG1-4,TRIOS3,TRIOS5,6.369304329635689,-2.680285965121101,-0.9320653004601063,-5.902603844272422,4.038473243352209
lab_L_mean,Mean L* (lightness),BCG1-5,TRIOS3,TRIOS5,5.275277477688743,-1.0804459015057333,-0.9320653004601063,-5.902603844272422,4.038473243352209
lab_L_mean,Mean L* (lightness),BCG1-6,TRIOS3,TRIOS5,5.6751218217080215,-1.4113912034851026,-0.9320653004601063,-5.902603844272422,4.038473243352209
lab_L_mean,Mean L* (lightness),BCG1-7,TRIOS3,TRIOS5,4.367166227935147,-1.3698657897954476,-0.9320653004601063,-5.902603844272422,4.038473243352209
lab_L_mean,Mean L* (lightness),BCG1-8,TRIOS3,TRIOS5,5.636288480788547,3.270113364118423,-0.9320653004601063,-5.902603844272422,4.038473243352209
lab_L_mean,Mean L* (lightness),BCG2-1,TRIOS3,TRIOS5,3.204614878854091,3.340111982501959,-0.9320653004601063,-5.902603844272422,4.038473243352209
lab_L_mean,Mean L* (lightness),BCG2-2,TRIOS3,TRIOS5,5.37073088011692,-1.2160006457990207,-0.9320653004601063,-5.902603844272422,4.038473243352209
lab_L_mean,Mean L* (lightness),BCG2-3,TRIOS3,TRIOS5,4.2735895379236055,1.1139131378409388,-0.9320653004601063,-5.902603844272422,4.038473243352209
lab_L_mean,Mean L* (lightness),BCG2-4,TRIOS3,TRIOS5,5.8945585656524315,-2.0794532898500364,-0.9320653004601063,-5.902603844272422,4.038473243352209
lab_L_mean,Mean L* (lightness),BCG2-5,TRIOS3,TRIOS5,5.260956986298719,-3.318189397700557,-0.9320653004601063,-5.902603844272422,4.038473243352209
lab_L_mean,Mean L* (lightness),BCG2-6,TRIOS3,TRIOS5,7.280428978488942,-3.945542613437908,-0.9320653004601063,-5.902603844272422,4.038473243352209
lab_L_mean,Mean L* (lightness),BCG2-7,TRIOS3,TRIOS5,6.354821451553953,-2.966383215998448,-0.9320653004601063,-5.902603844272422,4.038473243352209
lab_L_mean,Mean L* (lightness),BCG2-8,TRIOS3,TRIOS5,5.964311012594504,-2.297485959340257,-0.9320653004601063,-5.902603844272422,4.038473243352209
lab_L_mean,Mean L* (lightness),BCG3-1,TRIOS3,TRIOS5,8.444174642037876,1.700262753427701,-0.9320653004601063,-5.902603844272422,4.038473243352209
lab_L_mean,Mean L* (lightness),BCG3-2,TRIOS3,TRIOS5,7.215213730594929,-1.7220454864301544,-0.9320653004601063,-5.902603844272422,4.038473243352209
lab_L_mean,Mean L* (lightness),BCG3-3,TRIOS3,TRIOS5,7.1746612859679715,-0.8386189195813927,-0.9320653004601063,-5.902603844272422,4.038473243352209
lab_L_mean,Mean L* (lightness),BCG3-4,TRIOS3,TRIOS5,5.559814472925989,0.8194064447769236,-0.9320653004601063,-5.902603844272422,4.038473243352209
lab_L_mean,Mean L* (lightness),BCG3-5,TRIOS3,TRIOS5,6.506603082177925,0.3784810667453229,-0.9320653004601063,-5.902603844272422,4.038473243352209
lab_L_mean,Mean L* (lightness),BCG3-6,TRIOS3,TRIOS5,3.7833285600043816,0.5653723668722179,-0.9320653004601063,-5.902603844272422,4.038473243352209
lab_L_mean,Mean L* (lightness),BCG3-7,TRIOS3,TRIOS5,5.023172146276387,0.7435113896764989,-0.9320653004601063,-5.902603844272422,4.038473243352209
lab_L_mean,Mean L* (lightness),BCG3-8,TRIOS3,TRIOS5,5.4848347401670665,-1.429737886301254,-0.9320653004601063,-5.902603844272422,4.038473243352209
lab_L_mean,Mean L* (lightness),BCG4-1,TRIOS3,TRIOS5,11.578915751165415,-0.5631201850630063,-0.9320653004601063,-5.902603844272422,4.038473243352209
lab_L_mean,Mean L* (lightness),BCG4-2,TRIOS3,TRIOS5,5.597315591669542,0.11648176621760342,-0.9320653004601063,-5.902603844272422,4.038473243352209
lab_L_mean,Mean L* (lightness),BCG4-3,TRIOS3,TRIOS5,7.989979321181604,-4.324149536764672,-0.9320653004601063,-5.902603844272422,4.038473243352209
lab_L_mean,Mean L* (lightness),BCG4-4,TRIOS3,TRIOS5,10.232973586562956,1.613910974277303,-0.9320653004601063,-5.902603844272422,4.038473243352209
lab_L_mean,Mean L* (lightness),BCG4-5,TRIOS3,TRIOS5,4.563276348573716,-2.4575711081125036,-0.9320653004601063,-5.902603844272422,4.038473243352209
lab_L_mean,Mean L* (lightness),BCG4-6,TRIOS3,TRIOS5,11.741207226750724,-5.1195047886567835,-0.9320653004601063,-5.902603844272422,4.038473243352209
lab_L_mean,Mean L* (lightness),BCG4-7,TRIOS3,TRIOS5,7.414429604527847,-6.476076322220649,-0.9320653004601063,-5.902603844272422,4.038473243352209
lab_L_mean,Mean L* (lightness),BCG4-8,TRIOS3,TRIOS5,8.005753710984028,-1.2219787831533395,-0.9320653004601063,-5.902603844272422,4.038473243352209
lab_L_mean,Mean L* (lightness),BCG1-1,TRIOS3,iTERO,7.619165656309601,-4.181103108942047,-1.3692286787093915,-7.380652979888105,4.642195622469322
lab_L_mean,Mean L* (lightness),BCG1-2,TRIOS3,iTERO,7.697454874281284,-9.34638329275954,-1.3692286787093915,-7.380652979888105,4.642195622469322
lab_L_mean,Mean L* (lightness),BCG1-3,TRIOS3,iTERO,5.3611989523091665,-0.4909084544048312,-1.3692286787093915,-7.380652979888105,4.642195622469322
lab_L_mean,Mean L* (lightness),BCG1-4,TRIOS3,iTERO,5.0556949669735936,-0.05306723979690986,-1.3692286787093915,-7.380652979888105,4.642195622469322
lab_L_mean,Mean L* (lightness),BCG1-5,TRIOS3,iTERO,5.421365179586598,-1.3726213053014433,-1.3692286787093915,-7.380652979888105,4.642195622469322
lab_L_mean,Mean L* (lightness),BCG1-6,TRIOS3,iTERO,4.891899601693545,0.15505323654384995,-1.3692286787093915,-7.380652979888105,4.642195622469322
lab_L_mean,Mean L* (lightness),BCG1-7,TRIOS3,iTERO,5.766930424851402,-4.169394183627958,-1.3692286787093915,-7.380652979888105,4.642195622469322
lab_L_mean,Mean L* (lightness),BCG1-8,TRIOS3,iTERO,7.098806869810904,0.3450765860737093,-1.3692286787093915,-7.380652979888105,4.642195622469322
lab_L_mean,Mean L* (lightness),BCG2-1,TRIOS3,iTERO,6.593195464356221,-3.4370491885023,-1.3692286787093915,-7.380652979888105,4.642195622469322
lab_L_mean,Mean L* (lightness),BCG2-2,TRIOS3,iTERO,5.766717852559587,-2.0079745906843556,-1.3692286787093915,-7.380652979888105,4.642195622469322
lab_L_mean,Mean L* (lightness),BCG2-3,TRIOS3,iTERO,5.10249472202457,-0.5438972303609901,-1.3692286787093915,-7.380652979888105,4.642195622469322
lab_L_mean,Mean L* (lightness),BCG2-4,TRIOS3,iTERO,6.862779900646224,-4.015895959837621,-1.3692286787093915,-7.380652979888105,4.642195622469322
lab_L_mean,Mean L* (lightness),BCG2-5,TRIOS3,iTERO,6.436310868103835,-5.668897161310788,-1.3692286787093915,-7.380652979888105,4.642195622469322
lab_L_mean,Mean L* (lightness),BCG2-6,TRIOS3,iTERO,5.65737037376303,-0.6994254039860834,-1.3692286787093915,-7.380652979888105,4.642195622469322
lab_L_mean,Mean L* (lightness),BCG2-7,TRIOS3,iTERO,6.991896964050316,-4.240534240991174,-1.3692286787093915,-7.380652979888105,4.642195622469322
lab_L_mean,Mean L* (lightness),BCG2-8,TRIOS3,iTERO,5.391322763639668,-1.1515094614305852,-1.3692286787093915,-7.380652979888105,4.642195622469322
lab_L_mean,Mean L* (lightness),BCG3-1,TRIOS3,iTERO,9.18993509029994,0.20874185690357194,-1.3692286787093915,-7.380652979888105,4.642195622469322
lab_L_mean,Mean L* (lightness),BCG3-2,TRIOS3,iTERO,5.260835545191423,2.1867108843768577,-1.3692286787093915,-7.380652979888105,4.642195622469322
lab_L_mean,Mean L* (lightness),BCG3-3,TRIOS3,iTERO,7.76696670680915,-2.0232297612637495,-1.3692286787093915,-7.380652979888105,4.642195622469322
lab_L_mean,Mean L* (lightness),BCG3-4,TRIOS3,iTERO,5.567450989140401,0.8041334123481008,-1.3692286787093915,-7.380652979888105,4.642195622469322
lab_L_mean,Mean L* (lightness),BCG3-5,TRIOS3,iTERO,4.279557690687479,4.8325718497262145,-1.3692286787093915,-7.380652979888105,4.642195622469322
lab_L_mean,Mean L* (lightness),BCG3-6,TRIOS3,iTERO,6.462724777336188,-4.793420067791395,-1.3692286787093915,-7.380652979888105,4.642195622469322
lab_L_mean,Mean L* (lightness),BCG3-7,TRIOS3,iTERO,5.329533427878236,0.1307888264728021,-1.3692286787093915,-7.380652979888105,4.642195622469322
lab_L_mean,Mean L* (lightness),BCG3-8,TRIOS3,iTERO,5.193251561984084,-0.8465715299352894,-1.3692286787093915,-7.380652979888105,4.642195622469322
lab_L_mean,Mean L* (lightness),BCG4-1,TRIOS3,iTERO,11.322387852023965,-0.050064386780107384,-1.3692286787093915,-7.380652979888105,4.642195622469322
lab_L_mean,Mean L* (lightness),BCG4-2,TRIOS3,iTERO,7.222992936471513,-3.1348729233863395,-1.3692286787093915,-7.380652979888105,4.642195622469322
lab_L_mean,Mean L* (lightness),BCG4-3,TRIOS3,iTERO,4.532078793254925,2.5916515190886855,-1.3692286787093915,-7.380652979888105,4.642195622469322
lab_L_mean,Mean L* (lightness),BCG4-4,TRIOS3,iTERO,8.460583935189252,5.158690277024711,-1.3692286787093915,-7.380652979888105,4.642195622469322
lab_L_mean,Mean L* (lightness),BCG4-5,TRIOS3,iTERO,4.51891540563431,-2.368849222233692,-1.3692286787093915,-7.380652979888105,4.642195622469322
lab_L_mean,Mean L* (lightness),BCG4-6,TRIOS3,iTERO,8.530891622202208,1.301126420440248,-1.3692286787093915,-7.380652979888105,4.642195622469322
lab_L_mean,Mean L* (lightness),BCG4-7,TRIOS3,iTERO,7.123227373397196,-5.893671859959348,-1.3692286787093915,-7.380652979888105,4.642195622469322
lab_L_mean,Mean L* (lightness),BCG4-8,TRIOS3,iTERO,7.915025326613723,-1.0405220144127298,-1.3692286787093915,-7.380652979888105,4.642195622469322
lab_L_mean,Mean L* (lightness),BCG1-1,TRIOS5,iTERO,5.258790263940167,-8.901853893680915,-0.4371633782492852,-8.193659083990305,7.319332327491734
lab_L_mean,Mean L* (lightness),BCG1-2,TRIOS5,iTERO,6.793514344416742,-11.154264352488624,-0.4371633782492852,-8.193659083990305,7.319332327491734
lab_L_mean,Mean L* (lightness),BCG1-3,TRIOS5,iTERO,7.110418805973605,3.0075312529240463,-0.4371633782492852,-8.193659083990305,7.319332327491734
lab_L_mean,Mean L* (lightness),BCG1-4,TRIOS5,iTERO,6.395837949534144,2.627218725324191,-0.4371633782492852,-8.193659083990305,7.319332327491734
lab_L_mean,Mean L* (lightness),BCG1-5,TRIOS5,iTERO,5.961588130339464,-0.29217540379571005,-0.4371633782492852,-8.193659083990305,7.319332327491734
lab_L_mean,Mean L* (lightness),BCG1-6,TRIOS5,iTERO,5.5975952034360965,1.5664444400289526,-0.4371633782492852,-8.193659083990305,7.319332327491734
lab_L_mean,Mean L* (lightness),BCG1-7,TRIOS5,iTERO,6.451863319749126,-2.79952839383251,-0.4371633782492852,-8.193659083990305,7.319332327491734
lab_L_mean,Mean L* (lightness),BCG1-8,TRIOS5,iTERO,5.4637501877516925,-2.9250367780447135,-0.4371633782492852,-8.193659083990305,7.319332327491734
lab_L_mean,Mean L* (lightness),BCG2-1,TRIOS5,iTERO,4.923139473105241,-6.777161171004259,-0.4371633782492852,-8.193659083990305,7.319332327491734
lab_L_mean,Mean L* (lightness),BCG2-2,TRIOS5,iTERO,6.374718175459098,-0.7919739448853349,-0.4371633782492852,-8.193659083990305,7.319332327491734
lab_L_mean,Mean L* (lightness),BCG2-3,TRIOS5,iTERO,4.545538153104101,-1.657810368201929,-0.4371633782492852,-8.193659083990305,7.319332327491734
lab_L_mean,Mean L* (lightness),BCG2-4,TRIOS5,iTERO,7.902506545571242,-1.936442669987585,-0.4371633782492852,-8.193659083990305,7.319332327491734
lab_L_mean,Mean L* (lightness),BCG2-5,TRIOS5,iTERO,8.095405566954113,-2.350707763610231,-0.4371633782492852,-8.193659083990305,7.319332327491734
lab_L_mean,Mean L* (lightness),BCG2-6,TRIOS5,iTERO,7.630141680481984,3.2461172094518247,-0.4371633782492852,-8.193659083990305,7.319332327491734
lab_L_mean,Mean L* (lightness),BCG2-7,TRIOS5,iTERO,8.47508857204954,-1.274151024992726,-0.4371633782492852,-8.193659083990305,7.319332327491734
lab_L_mean,Mean L* (lightness),BCG2-8,TRIOS5,iTERO,6.540065743309796,1.1459764979096718,-0.4371633782492852,-8.193659083990305,7.319332327491734
lab_L_mean,Mean L* (lightness),BCG3-1,TRIOS5,iTERO,8.33980371358609,-1.4915208965241291,-0.4371633782492852,-8.193659083990305,7.319332327491734
lab_L_mean,Mean L* (lightness),BCG3-2,TRIOS5,iTERO,6.1218582884065,3.908756370807012,-0.4371633782492852,-8.193659083990305,7.319332327491734
lab_L_mean,Mean L* (lightness),BCG3-3,TRIOS5,iTERO,8.186276166599846,-1.1846108416823569,-0.4371633782492852,-8.193659083990305,7.319332327491734
lab_L_mean,Mean L* (lightness),BCG3-4,TRIOS5,iTERO,5.157747766751939,-0.01527303242882283,-0.4371633782492852,-8.193659083990305,7.319332327491734
lab_L_mean,Mean L* (lightness),BCG3-5,TRIOS5,iTERO,4.090317157314818,4.454090782980892,-0.4371633782492852,-8.193659083990305,7.319332327491734
lab_L_mean,Mean L* (lightness),BCG3-6,TRIOS5,iTERO,6.180038593900079,-5.358792434663613,-0.4371633782492852,-8.193659083990305,7.319332327491734
lab_L_mean,Mean L* (lightness),BCG3-7,TRIOS5,iTERO,4.957777733039986,-0.6127225632036968,-0.4371633782492852,-8.193659083990305,7.319332327491734
lab_L_mean,Mean L* (lightness),BCG3-8,TRIOS5,iTERO,5.908120505134711,0.5831663563659646,-0.4371633782492852,-8.193659083990305,7.319332327491734
lab_L_mean,Mean L* (lightness),BCG4-1,TRIOS5,iTERO,11.603947944555468,0.5130557982828989,-0.4371633782492852,-8.193659083990305,7.319332327491734
lab_L_mean,Mean L* (lightness),BCG4-2,TRIOS5,iTERO,7.164752053362712,-3.251354689603943,-0.4371633782492852,-8.193659083990305,7.319332327491734
lab_L_mean,Mean L* (lightness),BCG4-3,TRIOS5,iTERO,6.694153561637261,6.915801055853358,-0.4371633782492852,-8.193659083990305,7.319332327491734
lab_L_mean,Mean L* (lightness),BCG4-4,TRIOS5,iTERO,7.6536284480506005,3.5447793027474077,-0.4371633782492852,-8.193659083990305,7.319332327491734
lab_L_mean,Mean L* (lightness),BCG4-5,TRIOS5,iTERO,5.747700959690562,0.08872188587881169,-0.4371633782492852,-8.193659083990305,7.319332327491734
lab_L_mean,Mean L* (lightness),BCG4-6,TRIOS5,iTERO,11.0906440165306,6.4206312090970314,-0.4371633782492852,-8.193659083990305,7.319332327491734
lab_L_mean,Mean L* (lightness),BCG4-7,TRIOS5,iTERO,10.36126553450752,0.5824044622613016,-0.4371633782492852,-8.193659083990305,7.319332327491734
lab_L_mean,Mean L* (lightness),BCG4-8,TRIOS5,iTERO,8.526014718190392,0.18145676874060968,-0.4371633782492852,-8.193659083990305,7.319332327491734
